0.000000            0.000000            200.000000          
0.071429            0.000000            200.000000          
0.142857            0.000000            200.000000          
0.214286            0.000000            200.000000          
0.285714            0.000000            200.000000          
0.357143            0.000000            200.000000          
0.428571            0.000000            200.000000          
0.500000            0.000000            200.000000          
0.571429            0.000000            200.000000          
0.642857            0.000000            200.000000          
0.714286            0.000000            200.000000          
0.785714            0.000000            200.000000          
0.857143            0.000000            200.000000          
0.928571            0.000000            200.000000          
1.000000            0.000000            200.000000          
1.071429            0.000000            200.000000          
1.142857            0.000000            200.000000          
1.214286            0.000000            200.000000          
1.285714            0.000000            200.000000          
1.357143            0.000000            200.000000          
1.428571            0.000000            200.000000          
1.500000            0.000000            200.000000          
1.571429            0.000000            200.000000          
1.642857            0.000000            200.000000          
1.714286            0.000000            200.000000          
1.785714            0.000000            200.000000          
1.857143            0.000000            200.000000          
1.928571            0.000000            200.000000          
2.000000            0.000000            200.000000          
2.071429            0.000000            200.000000          
2.142857            0.000000            200.000000          
2.214286            0.000000            200.000000          
2.285714            0.000000            200.000000          
2.357143            0.000000            200.000000          
2.428571            0.000000            200.000000          
2.500000            0.000000            200.000000          
2.571429            0.000000            200.000000          
2.642857            0.000000            200.000000          
2.714286            0.000000            200.000000          
2.785714            0.000000            200.000000          
2.857143            0.000000            200.000000          
2.928571            0.000000            200.000000          
3.000000            0.000000            200.000000          
3.071429            0.000000            200.000000          
3.142857            0.000000            200.000000          
3.214286            0.000000            200.000000          
3.285714            0.000000            200.000000          
3.357143            0.000000            200.000000          
3.428571            0.000000            200.000000          
3.500000            0.000000            0.000000            
0.000000            0.071429            200.000000          
0.071429            0.071429            199.816639          
0.142857            0.071429            199.633281          
0.214286            0.071429            199.449928          
0.285714            0.071429            199.266568          
0.357143            0.071429            199.083179          
0.428571            0.071429            198.899719          
0.500000            0.071429            198.716124          
0.571429            0.071429            198.532304          
0.642857            0.071429            198.348135          
0.714286            0.071429            198.163457          
0.785714            0.071429            197.978068          
0.857143            0.071429            197.791719          
0.928571            0.071429            197.604108          
1.000000            0.071429            197.414875          
1.071429            0.071429            197.223591          
1.142857            0.071429            197.029757          
1.214286            0.071429            196.832786          
1.285714            0.071429            196.632003          
1.357143            0.071429            196.426620          
1.428571            0.071429            196.215731          
1.500000            0.071429            195.998289          
1.571429            0.071429            195.773083          
1.642857            0.071429            195.538711          
1.714286            0.071429            195.293544          
1.785714            0.071429            195.035683          
1.857143            0.071429            194.762907          
1.928571            0.071429            194.472593          
2.000000            0.071429            194.161636          
2.071429            0.071429            193.826321          
2.142857            0.071429            193.462172          
2.214286            0.071429            193.063739          
2.285714            0.071429            192.624317          
2.357143            0.071429            192.135555          
2.428571            0.071429            191.586909          
2.500000            0.071429            190.964865          
2.571429            0.071429            190.251792          
2.642857            0.071429            189.424239          
2.714286            0.071429            188.450291          
2.785714            0.071429            187.285350          
2.857143            0.071429            185.865125          
2.928571            0.071429            184.093396          
3.000000            0.071429            181.819487          
3.071429            0.071429            178.793830          
3.142857            0.071429            174.573171          
3.214286            0.071429            168.298659          
3.285714            0.071429            158.119907          
3.357143            0.071429            139.528762          
3.428571            0.071429            99.999028           
3.500000            0.071429            0.000000            
0.000000            0.142857            200.000000          
0.071429            0.142857            199.633281          
0.142857            0.142857            199.266575          
0.214286            0.142857            198.899885          
0.285714            0.142857            198.533196          
0.357143            0.142857            198.166467          
0.428571            0.142857            197.799619          
0.500000            0.142857            197.432529          
0.571429            0.142857            197.065019          
0.642857            0.142857            196.696848          
0.714286            0.142857            196.327700          
0.785714            0.142857            195.957177          
0.857143            0.142857            195.584787          
0.928571            0.142857            195.209932          
1.000000            0.142857            194.831897          
1.071429            0.142857            194.449836          
1.142857            0.142857            194.062755          
1.214286            0.142857            193.669497          
1.285714            0.142857            193.268718          
1.357143            0.142857            192.858863          
1.428571            0.142857            192.438136          
1.500000            0.142857            192.004465          
1.571429            0.142857            191.555456          
1.642857            0.142857            191.088340          
1.714286            0.142857            190.599905          
1.785714            0.142857            190.086408          
1.857143            0.142857            189.543474          
1.928571            0.142857            188.965953          
2.000000            0.142857            188.347751          
2.071429            0.142857            187.681596          
2.142857            0.142857            186.958744          
2.214286            0.142857            186.168580          
2.285714            0.142857            185.298084          
2.357143            0.142857            184.331099          
2.428571            0.142857            183.247320          
2.500000            0.142857            182.020855          
2.571429            0.142857            180.618156          
2.642857            0.142857            178.994959          
2.714286            0.142857            177.091654          
2.785714            0.142857            174.826061          
2.857143            0.142857            172.081820          
2.928571            0.142857            168.689035          
3.000000            0.142857            164.390775          
3.071429            0.142857            158.782709          
3.142857            0.142857            151.200236          
3.214286            0.142857            140.501588          
3.285714            0.142857            124.652230          
3.357143            0.142857            99.996128           
3.428571            0.142857            60.467358           
3.500000            0.142857            0.000000            
0.000000            0.214286            200.000000          
0.071429            0.214286            199.449928          
0.142857            0.214286            198.899885          
0.214286            0.214286            198.349889          
0.285714            0.214286            197.799929          
0.357143            0.214286            197.249952          
0.428571            0.214286            196.699854          
0.500000            0.214286            196.149461          
0.571429            0.214286            195.598517          
0.642857            0.214286            195.046672          
0.714286            0.214286            194.493466          
0.785714            0.214286            193.938314          
0.857143            0.214286            193.380492          
0.928571            0.214286            192.819119          
1.000000            0.214286            192.253140          
1.071429            0.214286            191.681304          
1.142857            0.214286            191.102144          
1.214286            0.214286            190.513950          
1.285714            0.214286            189.914737          
1.357143            0.214286            189.302211          
1.428571            0.214286            188.673723          
1.500000            0.214286            188.026220          
1.571429            0.214286            187.356182          
1.642857            0.214286            186.659538          
1.714286            0.214286            185.931576          
1.785714            0.214286            185.166819          
1.857143            0.214286            184.358875          
1.928571            0.214286            183.500241          
2.000000            0.214286            182.582061          
2.071429            0.214286            181.593806          
2.142857            0.214286            180.522862          
2.214286            0.214286            179.353981          
2.285714            0.214286            178.068560          
2.357143            0.214286            176.643651          
2.428571            0.214286            175.050621          
2.500000            0.214286            173.253274          
2.571429            0.214286            171.205201          
2.642857            0.214286            168.845962          
2.714286            0.214286            166.095466          
2.785714            0.214286            162.845568          
2.857143            0.214286            158.947193          
2.928571            0.214286            154.190273          
3.000000            0.214286            148.271976          
3.071429            0.214286            140.746088          
3.142857            0.214286            130.943556          
3.214286            0.214286            117.855290          
3.285714            0.214286            99.991347           
3.357143            0.214286            75.336192           
3.428571            0.214286            41.874293           
3.500000            0.214286            0.000000            
0.000000            0.285714            200.000000          
0.071429            0.285714            199.266568          
0.142857            0.285714            198.533196          
0.214286            0.285714            197.799929          
0.285714            0.285714            197.066772          
0.357143            0.285714            196.333677          
0.428571            0.285714            195.600525          
0.500000            0.285714            194.867105          
0.571429            0.285714            194.133099          
0.642857            0.285714            193.398061          
0.714286            0.285714            192.661401          
0.785714            0.285714            191.922363          
0.857143            0.285714            191.180008          
0.928571            0.285714            190.433189          
1.000000            0.285714            189.680530          
1.071429            0.285714            188.920401          
1.142857            0.285714            188.150886          
1.214286            0.285714            187.369752          
1.285714            0.285714            186.574410          
1.357143            0.285714            185.761869          
1.428571            0.285714            184.928681          
1.500000            0.285714            184.070875          
1.571429            0.285714            183.183880          
1.642857            0.285714            182.262423          
1.714286            0.285714            181.300413          
1.785714            0.285714            180.290790          
1.857143            0.285714            179.225336          
1.928571            0.285714            178.094443          
2.000000            0.285714            176.886809          
2.071429            0.285714            175.589063          
2.142857            0.285714            174.185265          
2.214286            0.285714            172.656264          
2.285714            0.285714            170.978853          
2.357143            0.285714            169.124642          
2.428571            0.285714            167.058544          
2.500000            0.285714            164.736709          
2.571429            0.285714            162.103690          
2.642857            0.285714            159.088479          
2.714286            0.285714            155.598923          
2.785714            0.285714            151.513775          
2.857143            0.285714            146.671314          
2.928571            0.285714            140.853072          
3.000000            0.285714            133.760928          
3.071429            0.285714            124.986251          
3.142857            0.285714            113.972726          
3.214286            0.285714            99.984764           
3.285714            0.285714            82.121746           
3.357143            0.285714            59.483050           
3.428571            0.285714            31.693644           
3.500000            0.285714            0.000000            
0.000000            0.357143            200.000000          
0.071429            0.357143            199.083179          
0.142857            0.357143            198.166467          
0.214286            0.357143            197.249952          
0.285714            0.357143            196.333677          
0.357143            0.357143            195.417614          
0.428571            0.357143            194.501648          
0.500000            0.357143            193.585550          
0.571429            0.357143            192.668955          
0.642857            0.357143            191.751342          
0.714286            0.357143            190.832009          
0.785714            0.357143            189.910050          
0.857143            0.357143            188.984331          
0.928571            0.357143            188.053463          
1.000000            0.357143            187.115776          
1.071429            0.357143            186.169288          
1.142857            0.357143            185.211668          
1.214286            0.357143            184.240199          
1.285714            0.357143            183.251734          
1.357143            0.357143            182.242639          
1.428571            0.357143            181.208730          
1.500000            0.357143            180.145201          
1.571429            0.357143            179.046526          
1.642857            0.357143            177.906352          
1.714286            0.357143            176.717358          
1.785714            0.357143            175.471085          
1.857143            0.357143            174.157729          
1.928571            0.357143            172.765871          
2.000000            0.357143            171.282151          
2.071429            0.357143            169.690846          
2.142857            0.357143            167.973334          
2.214286            0.357143            166.107408          
2.285714            0.357143            164.066384          
2.357143            0.357143            161.817944          
2.428571            0.357143            159.322607          
2.500000            0.357143            156.531714          
2.571429            0.357143            153.384736          
2.642857            0.357143            149.805685          
2.714286            0.357143            145.698291          
2.785714            0.357143            140.939590          
2.857143            0.357143            135.371485          
2.928571            0.357143            128.790014          
3.000000            0.357143            120.932628          
3.071429            0.357143            111.465447          
3.142857            0.357143            99.976487           
3.214286            0.357143            85.989420           
3.285714            0.357143            69.027917           
3.357143            0.357143            48.780680           
3.428571            0.357143            25.417267           
3.500000            0.357143            0.000000            
0.000000            0.428571            200.000000          
0.071429            0.428571            198.899719          
0.142857            0.428571            197.799619          
0.214286            0.428571            196.699854          
0.285714            0.428571            195.600525          
0.357143            0.428571            194.501648          
0.428571            0.428571            193.403134          
0.500000            0.428571            192.304757          
0.571429            0.428571            191.206130          
0.642857            0.428571            190.106678          
0.714286            0.428571            189.005610          
0.785714            0.428571            187.901895          
0.857143            0.428571            186.794229          
0.928571            0.428571            185.681010          
1.000000            0.428571            184.560304          
1.071429            0.428571            183.429810          
1.142857            0.428571            182.286823          
1.214286            0.428571            181.128187          
1.285714            0.428571            179.950250          
1.357143            0.428571            178.748797          
1.428571            0.428571            177.518988          
1.500000            0.428571            176.255270          
1.571429            0.428571            174.951277          
1.642857            0.428571            173.599712          
1.714286            0.428571            172.192194          
1.785714            0.428571            170.719078          
1.857143            0.428571            169.169233          
1.928571            0.428571            167.529766          
2.000000            0.428571            165.785676          
2.071429            0.428571            163.919423          
2.142857            0.428571            161.910393          
2.214286            0.428571            159.734210          
2.285714            0.428571            157.361876          
2.357143            0.428571            154.758667          
2.428571            0.428571            151.882730          
2.500000            0.428571            148.683282          
2.571429            0.428571            145.098311          
2.642857            0.428571            141.051659          
2.714286            0.428571            136.449363          
2.785714            0.428571            131.175177          
2.857143            0.428571            125.085358          
2.928571            0.428571            118.003173          
3.000000            0.428571            109.714389          
3.071429            0.428571            99.966652           
3.142857            0.428571            88.478549           
3.214286            0.428571            74.968668           
3.285714            0.428571            59.219938           
3.357143            0.428571            41.194564           
3.428571            0.428571            21.194783           
3.500000            0.428571            0.000000            
0.000000            0.500000            200.000000          
0.071429            0.500000            198.716124          
0.142857            0.500000            197.432529          
0.214286            0.500000            196.149461          
0.285714            0.500000            194.867105          
0.357143            0.500000            193.585550          
0.428571            0.500000            192.304757          
0.500000            0.500000            191.024531          
0.571429            0.500000            189.744489          
0.642857            0.500000            188.464027          
0.714286            0.500000            187.182295          
0.785714            0.500000            185.898163          
0.857143            0.500000            184.610188          
0.928571            0.500000            183.316585          
1.000000            0.500000            182.015191          
1.071429            0.500000            180.703425          
1.142857            0.500000            179.378251          
1.214286            0.500000            178.036125          
1.285714            0.500000            176.672948          
1.357143            0.500000            175.283996          
1.428571            0.500000            173.863855          
1.500000            0.500000            172.406325          
1.571429            0.500000            170.904323          
1.642857            0.500000            169.349753          
1.714286            0.500000            167.733357          
1.785714            0.500000            166.044528          
1.857143            0.500000            164.271087          
1.928571            0.500000            162.399006          
2.000000            0.500000            160.412075          
2.071429            0.500000            158.291479          
2.142857            0.500000            156.015290          
2.214286            0.500000            153.557831          
2.285714            0.500000            150.888889          
2.357143            0.500000            147.972743          
2.428571            0.500000            144.766965          
2.500000            0.500000            141.220944          
2.571429            0.500000            137.274106          
2.642857            0.500000            132.853786          
2.714286            0.500000            127.872800          
2.785714            0.500000            122.226833          
2.857143            0.500000            115.791995          
2.928571            0.500000            108.423288          
3.000000            0.500000            99.955421           
3.071429            0.500000            90.208498           
3.142857            0.500000            79.002621           
3.214286            0.500000            66.186949           
3.285714            0.500000            51.688743           
3.357143            0.500000            35.582948           
3.428571            0.500000            18.167348           
3.500000            0.500000            0.000000            
0.000000            0.571429            200.000000          
0.071429            0.571429            198.532304          
0.142857            0.571429            197.065019          
0.214286            0.571429            195.598517          
0.285714            0.571429            194.133099          
0.357143            0.571429            192.668955          
0.428571            0.571429            191.206130          
0.500000            0.571429            189.744489          
0.571429            0.571429            188.283681          
0.642857            0.571429            186.823108          
0.714286            0.571429            185.361887          
0.785714            0.571429            183.898821          
0.857143            0.571429            182.432362          
0.928571            0.571429            180.960577          
1.000000            0.571429            179.481109          
1.071429            0.571429            177.991142          
1.142857            0.571429            176.487352          
1.214286            0.571429            174.965864          
1.285714            0.571429            173.422192          
1.357143            0.571429            171.851178          
1.428571            0.571429            170.246919          
1.500000            0.571429            168.602675          
1.571429            0.571429            166.910769          
1.642857            0.571429            165.162461          
1.714286            0.571429            163.347798          
1.785714            0.571429            161.455435          
1.857143            0.571429            159.472420          
1.928571            0.571429            157.383931          
2.000000            0.571429            155.172962          
2.071429            0.571429            152.819937          
2.142857            0.571429            150.302250          
2.214286            0.571429            147.593707          
2.285714            0.571429            144.663854          
2.357143            0.571429            141.477173          
2.428571            0.571429            137.992133          
2.500000            0.571429            134.160084          
2.571429            0.571429            129.924008          
2.642857            0.571429            125.217165          
2.714286            0.571429            119.961765          
2.785714            0.571429            114.067865          
2.857143            0.571429            107.432960          
2.928571            0.571429            99.942977           
3.000000            0.571429            91.475875           
3.071429            0.571429            81.909613           
3.142857            0.571429            71.136753           
3.214286            0.571429            59.087977           
3.285714            0.571429            45.765300           
3.357143            0.571429            31.281245           
3.428571            0.571429            15.891713           
3.500000            0.571429            0.000000            
0.000000            0.642857            200.000000          
0.071429            0.642857            198.348135          
0.142857            0.642857            196.696848          
0.214286            0.642857            195.046672          
0.285714            0.642857            193.398061          
0.357143            0.642857            191.751342          
0.428571            0.642857            190.106678          
0.500000            0.642857            188.464027          
0.571429            0.642857            186.823108          
0.642857            0.642857            185.183356          
0.714286            0.642857            183.543895          
0.785714            0.642857            181.903492          
0.857143            0.642857            180.260528          
0.928571            0.642857            178.612958          
1.000000            0.642857            176.958274          
1.071429            0.642857            175.293464          
1.142857            0.642857            173.614969          
1.214286            0.642857            171.918634          
1.285714            0.642857            170.199651          
1.357143            0.642857            168.452503          
1.428571            0.642857            166.670884          
1.500000            0.642857            164.847619          
1.571429            0.642857            162.974561          
1.642857            0.642857            161.042475          
1.714286            0.642857            159.040892          
1.785714            0.642857            156.957948          
1.857143            0.642857            154.780177          
1.928571            0.642857            152.492280          
2.000000            0.642857            150.076836          
2.071429            0.642857            147.513971          
2.142857            0.642857            144.780961          
2.214286            0.642857            141.851767          
2.285714            0.642857            138.696494          
2.357143            0.642857            135.280780          
2.428571            0.642857            131.565095          
2.500000            0.642857            127.503999          
2.571429            0.642857            123.045382          
2.642857            0.642857            118.129768          
2.714286            0.642857            112.689848          
2.785714            0.642857            106.650473          
2.857143            0.642857            99.929526           
2.928571            0.642857            92.440254           
3.000000            0.642857            84.095904           
3.071429            0.642857            74.817686           
3.142857            0.642857            64.547101           
3.214286            0.642857            53.263150           
3.285714            0.642857            41.003418           
3.357143            0.642857            27.885141           
3.428571            0.642857            14.118322           
3.500000            0.642857            0.000000            
0.000000            0.714286            200.000000          
0.071429            0.714286            198.163457          
0.142857            0.714286            196.327700          
0.214286            0.714286            194.493466          
0.285714            0.714286            192.661401          
0.357143            0.714286            190.832009          
0.428571            0.714286            189.005610          
0.500000            0.714286            187.182295          
0.571429            0.714286            185.361887          
0.642857            0.714286            183.543895          
0.714286            0.714286            181.727479          
0.785714            0.714286            179.911411          
0.857143            0.714286            178.094037          
0.928571            0.714286            176.273239          
1.000000            0.714286            174.446395          
1.071429            0.714286            172.610343          
1.142857            0.714286            170.761335          
1.214286            0.714286            168.894991          
1.285714            0.714286            167.006247          
1.357143            0.714286            165.089294          
1.428571            0.714286            163.137513          
1.500000            0.714286            161.143391          
1.571429            0.714286            159.098431          
1.642857            0.714286            156.993042          
1.714286            0.714286            154.816410          
1.785714            0.714286            152.556348          
1.857143            0.714286            150.199118          
1.928571            0.714286            147.729224          
2.000000            0.714286            145.129166          
2.071429            0.714286            142.379170          
2.142857            0.714286            139.456854          
2.214286            0.714286            136.336875          
2.285714            0.714286            132.990518          
2.357143            0.714286            129.385265          
2.428571            0.714286            125.484337          
2.500000            0.714286            121.246266          
2.571429            0.714286            116.624539          
2.642857            0.714286            111.567417          
2.714286            0.714286            106.018073          
2.785714            0.714286            99.915288           
2.857143            0.714286            93.194995           
2.928571            0.714286            85.793131           
3.000000            0.714286            77.650262           
3.071429            0.714286            68.718522           
3.142857            0.714286            58.971150           
3.214286            0.714286            48.414373           
3.285714            0.714286            37.100283           
3.357143            0.714286            25.137716           
3.428571            0.714286            12.696501           
3.500000            0.714286            0.000000            
0.000000            0.785714            200.000000          
0.071429            0.785714            197.978068          
0.142857            0.785714            195.957177          
0.214286            0.785714            193.938314          
0.285714            0.785714            191.922363          
0.357143            0.785714            189.910050          
0.428571            0.785714            187.901895          
0.500000            0.785714            185.898163          
0.571429            0.785714            183.898821          
0.642857            0.785714            181.903492          
0.714286            0.785714            179.911411          
0.785714            0.785714            177.921392          
0.857143            0.785714            175.931782          
0.928571            0.785714            173.940427          
1.000000            0.785714            171.944634          
1.071429            0.785714            169.941133          
1.142857            0.785714            167.926032          
1.214286            0.785714            165.894781          
1.285714            0.785714            163.842116          
1.357143            0.785714            161.762007          
1.428571            0.785714            159.647599          
1.500000            0.785714            157.491135          
1.571429            0.785714            155.283878          
1.642857            0.785714            153.016010          
1.714286            0.785714            150.676521          
1.785714            0.785714            148.253080          
1.857143            0.785714            145.731883          
1.928571            0.785714            143.097478          
2.000000            0.785714            140.332571          
2.071429            0.785714            137.417803          
2.142857            0.785714            134.331502          
2.214286            0.785714            131.049424          
2.285714            0.785714            127.544471          
2.357143            0.785714            123.786420          
2.428571            0.785714            119.741676          
2.500000            0.785714            115.373098          
2.571429            0.785714            110.639953          
2.642857            0.785714            105.498096          
2.714286            0.785714            99.900496           
2.785714            0.785714            93.798305           
2.857143            0.785714            87.142672           
2.928571            0.785714            79.887584           
3.000000            0.785714            71.993997           
3.071429            0.785714            63.435429           
3.142857            0.785714            54.204970           
3.214286            0.785714            44.323205           
3.285714            0.785714            33.845847           
3.357143            0.785714            22.869087           
3.428571            0.785714            11.530040           
3.500000            0.785714            0.000000            
0.000000            0.857143            200.000000          
0.071429            0.857143            197.791719          
0.142857            0.857143            195.584787          
0.214286            0.857143            193.380492          
0.285714            0.857143            191.180008          
0.357143            0.857143            188.984331          
0.428571            0.857143            186.794229          
0.500000            0.857143            184.610188          
0.571429            0.857143            182.432362          
0.642857            0.857143            180.260528          
0.714286            0.857143            178.094037          
0.785714            0.857143            175.931782          
0.857143            0.857143            173.772149          
0.928571            0.857143            171.612987          
1.000000            0.857143            169.451569          
1.071429            0.857143            167.284556          
1.142857            0.857143            165.107960          
1.214286            0.857143            162.917104          
1.285714            0.857143            160.706581          
1.357143            0.857143            158.470203          
1.428571            0.857143            156.200949          
1.500000            0.857143            153.890903          
1.571429            0.857143            151.531182          
1.642857            0.857143            149.111854          
1.714286            0.857143            146.621845          
1.785714            0.857143            144.048830          
1.857143            0.857143            141.379112          
1.928571            0.857143            138.597481          
2.000000            0.857143            135.687068          
2.071429            0.857143            132.629177          
2.142857            0.857143            129.403111          
2.214286            0.857143            125.986002          
2.285714            0.857143            122.352642          
2.357143            0.857143            118.475347          
2.428571            0.857143            114.323884          
2.500000            0.857143            109.865483          
2.571429            0.857143            105.065015          
2.642857            0.857143            99.885394           
2.714286            0.857143            94.288328           
2.785714            0.857143            88.235520           
2.857143            0.857143            81.690490           
2.928571            0.857143            74.621154           
3.000000            0.857143            67.003260           
3.071429            0.857143            58.824699           
3.142857            0.857143            50.090494           
3.214286            0.857143            40.827948           
3.285714            0.857143            31.091056           
3.357143            0.857143            20.962908           
3.428571            0.857143            10.554652           
3.500000            0.857143            0.000000            
0.000000            0.928571            200.000000          
0.071429            0.928571            197.604108          
0.142857            0.928571            195.209932          
0.214286            0.928571            192.819119          
0.285714            0.928571            190.433189          
0.357143            0.928571            188.053463          
0.428571            0.928571            185.681010          
0.500000            0.928571            183.316585          
0.571429            0.928571            180.960577          
0.642857            0.928571            178.612958          
0.714286            0.928571            176.273239          
0.785714            0.928571            173.940427          
0.857143            0.928571            171.612987          
0.928571            0.928571            169.288805          
1.000000            0.928571            166.965157          
1.071429            0.928571            164.638672          
1.142857            0.928571            162.305304          
1.214286            0.928571            159.960295          
1.285714            0.928571            157.598140          
1.357143            0.928571            155.212546          
1.428571            0.928571            152.796390          
1.500000            0.928571            150.341666          
1.571429            0.928571            147.839429          
1.642857            0.928571            145.279727          
1.714286            0.928571            142.651528          
1.785714            0.928571            139.942637          
1.857143            0.928571            137.139600          
1.928571            0.928571            134.227602          
2.000000            0.928571            131.190363          
2.071429            0.928571            128.010023          
2.142857            0.928571            124.667035          
2.214286            0.928571            121.140070          
2.285714            0.928571            117.405946          
2.357143            0.928571            113.439600          
2.428571            0.928571            109.214140          
2.500000            0.928571            104.700995          
2.571429            0.928571            99.870230           
2.642857            0.928571            94.691081           
2.714286            0.928571            89.132779           
2.785714            0.928571            83.165765           
2.857143            0.928571            76.763355           
2.928571            0.928571            69.903948           
3.000000            0.928571            62.573776           
3.071429            0.928571            54.770122           
3.142857            0.928571            46.504788           
3.214286            0.928571            37.807379           
3.285714            0.928571            28.727779           
3.357143            0.928571            19.337011           
3.428571            0.928571            9.725745            
3.500000            0.928571            0.000000            
0.000000            1.000000            200.000000          
0.071429            1.000000            197.414875          
0.142857            1.000000            194.831897          
0.214286            1.000000            192.253140          
0.285714            1.000000            189.680530          
0.357143            1.000000            187.115776          
0.428571            1.000000            184.560304          
0.500000            1.000000            182.015191          
0.571429            1.000000            179.481109          
0.642857            1.000000            176.958274          
0.714286            1.000000            174.446395          
0.785714            1.000000            171.944634          
0.857143            1.000000            169.451569          
0.928571            1.000000            166.965157          
1.000000            1.000000            164.482708          
1.071429            1.000000            162.000854          
1.142857            1.000000            159.515522          
1.214286            1.000000            157.021910          
1.285714            1.000000            154.514455          
1.357143            1.000000            151.986803          
1.428571            1.000000            149.431780          
1.500000            1.000000            146.841348          
1.571429            1.000000            144.206563          
1.642857            1.000000            141.517530          
1.714286            1.000000            138.763344          
1.785714            1.000000            135.932031          
1.857143            1.000000            133.010482          
1.928571            1.000000            129.984387          
2.000000            1.000000            126.838164          
2.071429            1.000000            123.554899          
2.142857            1.000000            120.116288          
2.214286            1.000000            116.502615          
2.285714            1.000000            112.692748          
2.357143            1.000000            108.664200          
2.428571            1.000000            104.393263          
2.500000            1.000000            99.855253           
2.571429            1.000000            95.024897           
2.642857            1.000000            89.876921           
2.714286            1.000000            84.386878           
2.785714            1.000000            78.532267           
2.857143            1.000000            72.294002           
2.928571            1.000000            65.658214           
3.000000            1.000000            58.618398           
3.071429            1.000000            51.177765           
3.142857            1.000000            43.351609           
3.214286            1.000000            35.169369           
3.285714            1.000000            26.675944           
3.357143            1.000000            17.931795           
3.428571            1.000000            9.011412            
3.500000            1.000000            0.000000            
0.000000            1.071429            200.000000          
0.071429            1.071429            197.223591          
0.142857            1.071429            194.449836          
0.214286            1.071429            191.681304          
0.285714            1.071429            188.920401          
0.357143            1.071429            186.169288          
0.428571            1.071429            183.429810          
0.500000            1.071429            180.703425          
0.571429            1.071429            177.991142          
0.642857            1.071429            175.293464          
0.714286            1.071429            172.610343          
0.785714            1.071429            169.941133          
0.857143            1.071429            167.284556          
0.928571            1.071429            164.638672          
1.000000            1.071429            162.000854          
1.071429            1.071429            159.367761          
1.142857            1.071429            156.735322          
1.214286            1.071429            154.098718          
1.285714            1.071429            151.452357          
1.357143            1.071429            148.789860          
1.428571            1.071429            146.104038          
1.500000            1.071429            143.386864          
1.571429            1.071429            140.629448          
1.642857            1.071429            137.822002          
1.714286            1.071429            134.953808          
1.785714            1.071429            132.013181          
1.857143            1.071429            128.987425          
1.928571            1.071429            125.862802          
2.000000            1.071429            122.624492          
2.071429            1.071429            119.256577          
2.142857            1.071429            115.742032          
2.214286            1.071429            112.062746          
2.285714            1.071429            108.199580          
2.357143            1.071429            104.132489          
2.428571            1.071429            99.840708           
2.500000            1.071429            95.303045           
2.571429            1.071429            90.498309           
2.642857            1.071429            85.405888           
2.714286            1.071429            80.006529           
2.785714            1.071429            74.283336           
2.857143            1.071429            68.223000           
2.928571            1.071429            61.817254           
3.000000            1.071429            55.064499           
3.071429            1.071429            47.971502           
3.142857            1.071429            40.554993           
3.214286            1.071429            32.842928           
3.285714            1.071429            24.875126           
3.357143            1.071429            16.703008           
3.428571            1.071429            8.388204            
3.500000            1.071429            0.000000            
0.000000            1.142857            200.000000          
0.071429            1.142857            197.029757          
0.142857            1.142857            194.062755          
0.214286            1.142857            191.102144          
0.285714            1.142857            188.150886          
0.357143            1.142857            185.211668          
0.428571            1.142857            182.286823          
0.500000            1.142857            179.378251          
0.571429            1.142857            176.487352          
0.642857            1.142857            173.614969          
0.714286            1.142857            170.761335          
0.785714            1.142857            167.926032          
0.857143            1.142857            165.107960          
0.928571            1.142857            162.305304          
1.000000            1.142857            159.515522          
1.071429            1.142857            156.735322          
1.142857            1.142857            153.960654          
1.214286            1.142857            151.186697          
1.285714            1.142857            148.407854          
1.357143            1.142857            145.617741          
1.428571            1.142857            142.809179          
1.500000            1.142857            139.974180          
1.571429            1.142857            137.103937          
1.642857            1.142857            134.188809          
1.714286            1.142857            131.218302          
1.785714            1.142857            128.181055          
1.857143            1.142857            125.064826          
1.928571            1.142857            121.856478          
2.000000            1.142857            118.541980          
2.071429            1.142857            115.106417          
2.142857            1.142857            111.534016          
2.214286            1.142857            107.808214          
2.285714            1.142857            103.911754          
2.357143            1.142857            99.826834           
2.428571            1.142857            95.535342           
2.500000            1.142857            91.019160           
2.571429            1.142857            86.260589           
2.642857            1.142857            81.242903           
2.714286            1.142857            75.951049           
2.785714            1.142857            70.372502           
2.857143            1.142857            64.498280           
2.928571            1.142857            58.324087           
3.000000            1.142857            51.851535           
3.071429            1.142857            45.089350           
3.142857            1.142857            38.054438           
3.214286            1.142857            30.772628           
3.285714            1.142857            23.278930           
3.357143            1.142857            15.617111           
3.428571            1.142857            7.838497            
3.500000            1.142857            0.000000            
0.000000            1.214286            200.000000          
0.071429            1.214286            196.832786          
0.142857            1.214286            193.669497          
0.214286            1.214286            190.513950          
0.285714            1.214286            187.369752          
0.357143            1.214286            184.240199          
0.428571            1.214286            181.128187          
0.500000            1.214286            178.036125          
0.571429            1.214286            174.965864          
0.642857            1.214286            171.918634          
0.714286            1.214286            168.894991          
0.785714            1.214286            165.894781          
0.857143            1.214286            162.917104          
0.928571            1.214286            159.960295          
1.000000            1.214286            157.021910          
1.071429            1.214286            154.098718          
1.142857            1.214286            151.186697          
1.214286            1.214286            148.281037          
1.285714            1.214286            145.376143          
1.357143            1.214286            142.465634          
1.428571            1.214286            139.542352          
1.500000            1.214286            136.598362          
1.571429            1.214286            133.624956          
1.642857            1.214286            130.612652          
1.714286            1.214286            127.551198          
1.785714            1.214286            124.429575          
1.857143            1.214286            121.236001          
1.928571            1.214286            117.957947          
2.000000            1.214286            114.582158          
2.071429            1.214286            111.094688          
2.142857            1.214286            107.480962          
2.214286            1.214286            103.725864          
2.285714            1.214286            99.813860           
2.357143            1.214286            95.729176           
2.428571            1.214286            91.456033           
2.500000            1.214286            86.978964           
2.571429            1.214286            82.283215           
2.642857            1.214286            77.355244           
2.714286            1.214286            72.183340           
2.785714            1.214286            66.758338           
2.857143            1.214286            61.074438           
2.928571            1.214286            55.130095           
3.000000            1.214286            48.928925           
3.071429            1.214286            42.480551           
3.142857            1.214286            35.801303           
3.214286            1.214286            28.914638           
3.285714            1.214286            21.851173           
3.357143            1.214286            14.648221           
3.428571            1.214286            7.348781            
3.500000            1.214286            0.000000            
0.000000            1.285714            200.000000          
0.071429            1.285714            196.632003          
0.142857            1.285714            193.268718          
0.214286            1.285714            189.914737          
0.285714            1.285714            186.574410          
0.357143            1.285714            183.251734          
0.428571            1.285714            179.950250          
0.500000            1.285714            176.672948          
0.571429            1.285714            173.422192          
0.642857            1.285714            170.199651          
0.714286            1.285714            167.006247          
0.785714            1.285714            163.842116          
0.857143            1.285714            160.706581          
0.928571            1.285714            157.598140          
1.000000            1.285714            154.514455          
1.071429            1.285714            151.452357          
1.142857            1.285714            148.407854          
1.214286            1.285714            145.376143          
1.285714            1.285714            142.351624          
1.357143            1.285714            139.327919          
1.428571            1.285714            136.297887          
1.500000            1.285714            133.253644          
1.571429            1.285714            130.186576          
1.642857            1.285714            127.087362          
1.714286            1.285714            123.945988          
1.785714            1.285714            120.751769          
1.857143            1.285714            117.493374          
1.928571            1.285714            114.158856          
2.000000            1.285714            110.735698          
2.071429            1.285714            107.210869          
2.142857            1.285714            103.570901          
2.214286            1.285714            99.801998           
2.285714            1.285714            95.890177           
2.357143            1.285714            91.821450           
2.428571            1.285714            87.582064           
2.500000            1.285714            83.158798           
2.571429            1.285714            78.539339           
2.642857            1.285714            73.712720           
2.714286            1.285714            68.669849           
2.785714            1.285714            63.404103           
2.857143            1.285714            57.911979           
2.928571            1.285714            52.193779           
3.000000            1.285714            46.254268           
3.071429            1.285714            40.103274           
3.142857            1.285714            33.756129           
3.214286            1.285714            27.233886           
3.285714            1.285714            20.563234           
3.357143            1.285714            13.776040           
3.428571            1.285714            6.908515            
3.500000            1.285714            0.000000            
0.000000            1.357143            200.000000          
0.071429            1.357143            196.426620          
0.142857            1.357143            192.858863          
0.214286            1.357143            189.302211          
0.285714            1.357143            185.761869          
0.357143            1.357143            182.242639          
0.428571            1.357143            178.748797          
0.500000            1.357143            175.283996          
0.571429            1.357143            171.851178          
0.642857            1.357143            168.452503          
0.714286            1.357143            165.089294          
0.785714            1.357143            161.762007          
0.857143            1.357143            158.470203          
0.928571            1.357143            155.212546          
1.000000            1.357143            151.986803          
1.071429            1.357143            148.789860          
1.142857            1.357143            145.617741          
1.214286            1.357143            142.465634          
1.285714            1.357143            139.327919          
1.357143            1.357143            136.198201          
1.428571            1.357143            133.069340          
1.500000            1.357143            129.933484          
1.571429            1.357143            126.782099          
1.642857            1.357143            123.606004          
1.714286            1.357143            120.395403          
1.785714            1.357143            117.139919          
1.857143            1.357143            113.828641          
1.928571            1.357143            110.450161          
2.000000            1.357143            106.992645          
2.071429            1.357143            103.443894          
2.142857            1.357143            99.791444           
2.214286            1.357143            96.022678           
2.285714            1.357143            92.124979           
2.357143            1.357143            88.085906           
2.428571            1.357143            83.893433           
2.500000            1.357143            79.536218           
2.571429            1.357143            75.003940           
2.642857            1.357143            70.287685           
2.714286            1.357143            65.380386           
2.785714            1.357143            60.277309           
2.857143            1.357143            54.976570           
2.928571            1.357143            49.479645           
3.000000            1.357143            43.791866           
3.071429            1.357143            37.922815           
3.142857            1.357143            31.886613           
3.214286            1.357143            25.701995           
3.285714            1.357143            19.392175           
3.357143            1.357143            12.984420           
3.428571            1.357143            6.509352            
3.500000            1.357143            0.000000            
0.000000            1.428571            200.000000          
0.071429            1.428571            196.215731          
0.142857            1.428571            192.438136          
0.214286            1.428571            188.673723          
0.285714            1.428571            184.928681          
0.357143            1.428571            181.208730          
0.428571            1.428571            177.518988          
0.500000            1.428571            173.863855          
0.571429            1.428571            170.246919          
0.642857            1.428571            166.670884          
0.714286            1.428571            163.137513          
0.785714            1.428571            159.647599          
0.857143            1.428571            156.200949          
0.928571            1.428571            152.796390          
1.000000            1.428571            149.431780          
1.071429            1.428571            146.104038          
1.142857            1.428571            142.809179          
1.214286            1.428571            139.542352          
1.285714            1.428571            136.297887          
1.357143            1.428571            133.069340          
1.428571            1.428571            129.849539          
1.500000            1.428571            126.630633          
1.571429            1.428571            123.404135          
1.642857            1.428571            120.160970          
1.714286            1.428571            116.891524          
1.785714            1.428571            113.585691          
1.857143            1.428571            110.232925          
1.928571            1.428571            106.822307          
2.000000            1.428571            103.342607          
2.071429            1.428571            99.782369           
2.142857            1.428571            96.130015           
2.214286            1.428571            92.373963           
2.285714            1.428571            88.502771           
2.357143            1.428571            84.505325           
2.428571            1.428571            80.371042           
2.500000            1.428571            76.090128           
2.571429            1.428571            71.653870           
2.642857            1.428571            67.054964           
2.714286            1.428571            62.287884           
2.785714            1.428571            57.349272           
2.857143            1.428571            52.238341           
2.928571            1.428571            46.957264           
3.000000            1.428571            41.511526           
3.071429            1.428571            35.910195           
3.142857            1.428571            30.166086           
3.214286            1.428571            24.295770           
3.285714            1.428571            18.319402           
3.357143            1.428571            12.260344           
3.428571            1.428571            6.144589            
3.500000            1.428571            0.000000            
0.000000            1.500000            200.000000          
0.071429            1.500000            195.998289          
0.142857            1.500000            192.004465          
0.214286            1.500000            188.026220          
0.285714            1.500000            184.070875          
0.357143            1.500000            180.145201          
0.428571            1.500000            176.255270          
0.500000            1.500000            172.406325          
0.571429            1.500000            168.602675          
0.642857            1.500000            164.847619          
0.714286            1.500000            161.143391          
0.785714            1.500000            157.491135          
0.857143            1.500000            153.890903          
0.928571            1.500000            150.341666          
1.000000            1.500000            146.841348          
1.071429            1.500000            143.386864          
1.142857            1.500000            139.974180          
1.214286            1.500000            136.598362          
1.285714            1.500000            133.253644          
1.357143            1.500000            129.933484          
1.428571            1.500000            126.630633          
1.500000            1.500000            123.337194          
1.571429            1.500000            120.044679          
1.642857            1.500000            116.744075          
1.714286            1.500000            113.425898          
1.785714            1.500000            110.080258          
1.857143            1.500000            106.696921          
1.928571            1.500000            103.265377          
2.000000            1.500000            99.774924           
2.071429            1.500000            96.214749           
2.142857            1.500000            92.574038           
2.214286            1.500000            88.842091           
2.285714            1.500000            85.008474           
2.357143            1.500000            81.063176           
2.428571            1.500000            76.996811           
2.500000            1.500000            72.800842           
2.571429            1.500000            68.467829           
2.642857            1.500000            63.991715           
2.714286            1.500000            59.368123           
2.785714            1.500000            54.594669           
2.857143            1.500000            49.671275           
2.928571            1.500000            44.600460           
3.000000            1.500000            39.387589           
3.071429            1.500000            34.041053           
3.142857            1.500000            28.572355           
3.214286            1.500000            22.996071           
3.285714            1.500000            17.329675           
3.357143            1.500000            11.593204           
3.428571            1.500000            5.808781            
3.500000            1.500000            0.000000            
0.000000            1.571429            200.000000          
0.071429            1.571429            195.773083          
0.142857            1.571429            191.555456          
0.214286            1.571429            187.356182          
0.285714            1.571429            183.183880          
0.357143            1.571429            179.046526          
0.428571            1.571429            174.951277          
0.500000            1.571429            170.904323          
0.571429            1.571429            166.910769          
0.642857            1.571429            162.974561          
0.714286            1.571429            159.098431          
0.785714            1.571429            155.283878          
0.857143            1.571429            151.531182          
0.928571            1.571429            147.839429          
1.000000            1.571429            144.206563          
1.071429            1.571429            140.629448          
1.142857            1.571429            137.103937          
1.214286            1.571429            133.624956          
1.285714            1.571429            130.186576          
1.357143            1.571429            126.782099          
1.428571            1.571429            123.404135          
1.500000            1.571429            120.044679          
1.571429            1.571429            116.695186          
1.642857            1.571429            113.346641          
1.714286            1.571429            109.989632          
1.785714            1.571429            106.614420          
1.857143            1.571429            103.211010          
1.928571            1.571429            99.769230           
2.000000            1.571429            96.278813           
2.071429            1.571429            92.729485           
2.142857            1.571429            89.111075           
2.214286            1.571429            85.413627           
2.285714            1.571429            81.627539           
2.357143            1.571429            77.743715           
2.428571            1.571429            73.753741           
2.500000            1.571429            69.650082           
2.571429            1.571429            65.426294           
2.642857            1.571429            61.077265           
2.714286            1.571429            56.599454           
2.785714            1.571429            51.991141           
2.857143            1.571429            47.252665           
2.928571            1.571429            42.386642           
3.000000            1.571429            37.398139           
3.071429            1.571429            32.294784           
3.142857            1.571429            27.086806           
3.214286            1.571429            21.786966           
3.285714            1.571429            16.410386           
3.357143            1.571429            10.974260           
3.428571            1.571429            5.497452            
3.500000            1.571429            0.000000            
0.000000            1.642857            200.000000          
0.071429            1.642857            195.538711          
0.142857            1.642857            191.088340          
0.214286            1.642857            186.659538          
0.285714            1.642857            182.262423          
0.357143            1.642857            177.906352          
0.428571            1.642857            173.599712          
0.500000            1.642857            169.349753          
0.571429            1.642857            165.162461          
0.642857            1.642857            161.042475          
0.714286            1.642857            156.993042          
0.785714            1.642857            153.016010          
0.857143            1.642857            149.111854          
0.928571            1.642857            145.279727          
1.000000            1.642857            141.517530          
1.071429            1.642857            137.822002          
1.142857            1.642857            134.188809          
1.214286            1.642857            130.612652          
1.285714            1.642857            127.087362          
1.357143            1.642857            123.606004          
1.428571            1.642857            120.160970          
1.500000            1.642857            116.744075          
1.571429            1.642857            113.346641          
1.642857            1.642857            109.959583          
1.714286            1.642857            106.573489          
1.785714            1.642857            103.178699          
1.857143            1.642857            99.765382           
1.928571            1.642857            96.323618           
2.000000            1.642857            92.843484           
2.071429            1.642857            89.315145           
2.142857            1.642857            85.728952           
2.214286            1.642857            82.075559           
2.285714            1.642857            78.346043           
2.357143            1.642857            74.532048           
2.428571            1.642857            70.625934           
2.500000            1.642857            66.620951           
2.571429            1.642857            62.511422           
2.642857            1.642857            58.292934           
2.714286            1.642857            53.962533           
2.785714            1.642857            49.518924           
2.857143            1.642857            44.962650           
2.928571            1.642857            40.296249           
3.000000            1.642857            35.524374           
3.071429            1.642857            30.653861           
3.142857            1.642857            25.693725           
3.214286            1.642857            20.655087           
3.285714            1.642857            15.551010           
3.357143            1.642857            10.396243           
3.428571            1.642857            5.206890            
3.500000            1.642857            0.000000            
0.000000            1.714286            200.000000          
0.071429            1.714286            195.293544          
0.142857            1.714286            190.599905          
0.214286            1.714286            185.931576          
0.285714            1.714286            181.300413          
0.357143            1.714286            176.717358          
0.428571            1.714286            172.192194          
0.500000            1.714286            167.733357          
0.571429            1.714286            163.347798          
0.642857            1.714286            159.040892          
0.714286            1.714286            154.816410          
0.785714            1.714286            150.676521          
0.857143            1.714286            146.621845          
0.928571            1.714286            142.651528          
1.000000            1.714286            138.763344          
1.071429            1.714286            134.953808          
1.142857            1.714286            131.218302          
1.214286            1.714286            127.551198          
1.285714            1.714286            123.945988          
1.357143            1.714286            120.395403          
1.428571            1.714286            116.891524          
1.500000            1.714286            113.425898          
1.571429            1.714286            109.989632          
1.642857            1.714286            106.573489          
1.714286            1.714286            103.167980          
1.785714            1.714286            99.763442           
1.857143            1.714286            96.350129           
1.928571            1.714286            92.918288           
2.000000            1.714286            89.458250           
2.071429            1.714286            85.960515           
2.142857            1.714286            82.415848           
2.214286            1.714286            78.815385           
2.285714            1.714286            75.150745           
2.357143            1.714286            71.414155           
2.428571            1.714286            67.598583           
2.500000            1.714286            63.697882           
2.571429            1.714286            59.706945           
2.642857            1.714286            55.621862           
2.714286            1.714286            51.440074           
2.785714            1.714286            47.160530           
2.857143            1.714286            42.783818           
2.928571            1.714286            38.312280           
3.000000            1.714286            33.750089           
3.071429            1.714286            29.103286           
3.142857            1.714286            24.379755           
3.214286            1.714286            19.589140           
3.285714            1.714286            14.742694           
3.357143            1.714286            9.853060            
3.428571            1.714286            4.933988            
3.500000            1.714286            0.000000            
0.000000            1.785714            200.000000          
0.071429            1.785714            195.035683          
0.142857            1.785714            190.086408          
0.214286            1.785714            185.166819          
0.285714            1.785714            180.290790          
0.357143            1.785714            175.471085          
0.428571            1.785714            170.719078          
0.500000            1.785714            166.044528          
0.571429            1.785714            161.455435          
0.642857            1.785714            156.957948          
0.714286            1.785714            152.556348          
0.785714            1.785714            148.253080          
0.857143            1.785714            144.048830          
0.928571            1.785714            139.942637          
1.000000            1.785714            135.932031          
1.071429            1.785714            132.013181          
1.142857            1.785714            128.181055          
1.214286            1.785714            124.429575          
1.285714            1.785714            120.751769          
1.357143            1.785714            117.139919          
1.428571            1.785714            113.585691          
1.500000            1.785714            110.080258          
1.571429            1.785714            106.614420          
1.642857            1.785714            103.178699          
1.714286            1.785714            99.763442           
1.785714            1.785714            96.358904           
1.857143            1.785714            92.955338           
1.928571            1.785714            89.543076           
2.000000            1.785714            86.112610           
2.071429            1.785714            82.654681           
2.142857            1.785714            79.160364           
2.214286            1.785714            75.621166           
2.285714            1.785714            72.029122           
2.357143            1.785714            68.376908           
2.428571            1.785714            64.657955           
2.500000            1.785714            60.866568           
2.571429            1.785714            56.998054           
2.642857            1.785714            53.048847           
2.714286            1.785714            49.016634           
2.785714            1.785714            44.900469           
2.857143            1.785714            40.700874           
2.928571            1.785714            36.419917           
3.000000            1.785714            32.061260           
3.071429            1.785714            27.630170           
3.142857            1.785714            23.133483           
3.214286            1.785714            18.579517           
3.285714            1.785714            13.977937           
3.357143            1.785714            9.339563            
3.428571            1.785714            4.676128            
3.500000            1.785714            0.000000            
0.000000            1.857143            200.000000          
0.071429            1.857143            194.762907          
0.142857            1.857143            189.543474          
0.214286            1.857143            184.358875          
0.285714            1.857143            179.225336          
0.357143            1.857143            174.157729          
0.428571            1.857143            169.169233          
0.500000            1.857143            164.271087          
0.571429            1.857143            159.472420          
0.642857            1.857143            154.780177          
0.714286            1.857143            150.199118          
0.785714            1.857143            145.731883          
0.857143            1.857143            141.379112          
0.928571            1.857143            137.139600          
1.000000            1.857143            133.010482          
1.071429            1.857143            128.987425          
1.142857            1.857143            125.064826          
1.214286            1.857143            121.236001          
1.285714            1.857143            117.493374          
1.357143            1.857143            113.828641          
1.428571            1.857143            110.232925          
1.500000            1.857143            106.696921          
1.571429            1.857143            103.211010          
1.642857            1.857143            99.765382           
1.714286            1.857143            96.350129           
1.785714            1.857143            92.955338           
1.857143            1.857143            89.571181           
1.928571            1.857143            86.187987           
2.000000            1.857143            82.796330           
2.071429            1.857143            79.387100           
2.142857            1.857143            75.951589           
2.214286            1.857143            72.481571           
2.285714            1.857143            68.969392           
2.357143            1.857143            65.408064           
2.428571            1.857143            61.791357           
2.500000            1.857143            58.113903           
2.571429            1.857143            54.371296           
2.642857            1.857143            50.560191           
2.714286            1.857143            46.678406           
2.785714            1.857143            42.725001           
2.857143            1.857143            38.700352           
2.928571            1.857143            34.606208           
3.000000            1.857143            30.445708           
3.071429            1.857143            26.223381           
3.142857            1.857143            21.945101           
3.214286            1.857143            17.618001           
3.285714            1.857143            13.250348           
3.357143            1.857143            8.851377            
3.428571            1.857143            4.431086            
3.500000            1.857143            0.000000            
0.000000            1.928571            200.000000          
0.071429            1.928571            194.472593          
0.142857            1.928571            188.965953          
0.214286            1.928571            183.500241          
0.285714            1.928571            178.094443          
0.357143            1.928571            172.765871          
0.428571            1.928571            167.529766          
0.500000            1.928571            162.399006          
0.571429            1.928571            157.383931          
0.642857            1.928571            152.492280          
0.714286            1.928571            147.729224          
0.785714            1.928571            143.097478          
0.857143            1.928571            138.597481          
0.928571            1.928571            134.227602          
1.000000            1.928571            129.984387          
1.071429            1.928571            125.862802          
1.142857            1.928571            121.856478          
1.214286            1.928571            117.957947          
1.285714            1.928571            114.158856          
1.357143            1.928571            110.450161          
1.428571            1.928571            106.822307          
1.500000            1.928571            103.265377          
1.571429            1.928571            99.769230           
1.642857            1.928571            96.323618           
1.714286            1.928571            92.918288           
1.785714            1.928571            89.543076           
1.857143            1.928571            86.187987           
1.928571            1.928571            82.843275           
2.000000            1.928571            79.499511           
2.071429            1.928571            76.147657           
2.142857            1.928571            72.779137           
2.214286            1.928571            69.385907           
2.285714            1.928571            65.960530           
2.357143            1.928571            62.496256           
2.428571            1.928571            58.987096           
2.500000            1.928571            55.427906           
2.571429            1.928571            51.814467           
2.642857            1.928571            48.143564           
2.714286            1.928571            44.413055           
2.785714            1.928571            40.621934           
2.857143            1.928571            36.770384           
2.928571            1.928571            32.859804           
3.000000            1.928571            28.892823           
3.071429            1.928571            24.873273           
3.142857            1.928571            20.806151           
3.214286            1.928571            16.697529           
3.285714            1.928571            12.554446           
3.357143            1.928571            8.384757            
3.428571            1.928571            4.196962            
3.500000            1.928571            0.000000            
0.000000            2.000000            200.000000          
0.071429            2.000000            194.161636          
0.142857            2.000000            188.347751          
0.214286            2.000000            182.582061          
0.285714            2.000000            176.886809          
0.357143            2.000000            171.282151          
0.428571            2.000000            165.785676          
0.500000            2.000000            160.412075          
0.571429            2.000000            155.172962          
0.642857            2.000000            150.076836          
0.714286            2.000000            145.129166          
0.785714            2.000000            140.332571          
0.857143            2.000000            135.687068          
0.928571            2.000000            131.190363          
1.000000            2.000000            126.838164          
1.071429            2.000000            122.624492          
1.142857            2.000000            118.541980          
1.214286            2.000000            114.582158          
1.285714            2.000000            110.735698          
1.357143            2.000000            106.992645          
1.428571            2.000000            103.342607          
1.500000            2.000000            99.774924           
1.571429            2.000000            96.278813           
1.642857            2.000000            92.843484           
1.714286            2.000000            89.458250           
1.785714            2.000000            86.112610           
1.857143            2.000000            82.796330           
1.928571            2.000000            79.499511           
2.000000            2.000000            76.212654           
2.071429            2.000000            72.926723           
2.142857            2.000000            69.633199           
2.214286            2.000000            66.324146           
2.285714            2.000000            62.992269           
2.357143            2.000000            59.630976           
2.428571            2.000000            56.234439           
2.500000            2.000000            52.797658           
2.571429            2.000000            49.316526           
2.642857            2.000000            45.787880           
2.714286            2.000000            42.209559           
2.785714            2.000000            38.580445           
2.857143            2.000000            34.900492           
2.928571            2.000000            31.170746           
3.000000            2.000000            27.393339           
3.071429            2.000000            23.571459           
3.142857            2.000000            19.709305           
3.214286            2.000000            15.812005           
3.285714            2.000000            11.885516           
3.357143            2.000000            7.936491            
3.428571            2.000000            3.972127            
3.500000            2.000000            0.000000            
0.000000            2.071429            200.000000          
0.071429            2.071429            193.826321          
0.142857            2.071429            187.681596          
0.214286            2.071429            181.593806          
0.285714            2.071429            175.589063          
0.357143            2.071429            169.690846          
0.428571            2.071429            163.919423          
0.500000            2.071429            158.291479          
0.571429            2.071429            152.819937          
0.642857            2.071429            147.513971          
0.714286            2.071429            142.379170          
0.785714            2.071429            137.417803          
0.857143            2.071429            132.629177          
0.928571            2.071429            128.010023          
1.000000            2.071429            123.554899          
1.071429            2.071429            119.256577          
1.142857            2.071429            115.106417          
1.214286            2.071429            111.094688          
1.285714            2.071429            107.210869          
1.357143            2.071429            103.443894          
1.428571            2.071429            99.782369           
1.500000            2.071429            96.214749           
1.571429            2.071429            92.729485           
1.642857            2.071429            89.315145           
1.714286            2.071429            85.960515           
1.785714            2.071429            82.654681           
1.857143            2.071429            79.387100           
1.928571            2.071429            76.147657           
2.000000            2.071429            72.926723           
2.071429            2.071429            69.715199           
2.142857            2.071429            66.504569           
2.214286            2.071429            63.286944           
2.285714            2.071429            60.055107           
2.357143            2.071429            56.802562           
2.428571            2.071429            53.523581           
2.500000            2.071429            50.213247           
2.571429            2.071429            46.867503           
2.642857            2.071429            43.483192           
2.714286            2.071429            40.058088           
2.785714            2.071429            36.590928           
2.857143            2.071429            33.081428           
2.928571            2.071429            29.530281           
3.000000            2.071429            25.939150           
3.071429            2.071429            22.310631           
3.142857            2.071429            18.648202           
3.214286            2.071429            14.956153           
3.285714            2.071429            11.239486           
3.357143            2.071429            7.503804            
3.428571            2.071429            3.755179            
3.500000            2.071429            0.000000            
0.000000            2.142857            200.000000          
0.071429            2.142857            193.462172          
0.142857            2.142857            186.958744          
0.214286            2.142857            180.522862          
0.285714            2.142857            174.185265          
0.357143            2.142857            167.973334          
0.428571            2.142857            161.910393          
0.500000            2.142857            156.015290          
0.571429            2.142857            150.302250          
0.642857            2.142857            144.780961          
0.714286            2.142857            139.456854          
0.785714            2.142857            134.331502          
0.857143            2.142857            129.403111          
0.928571            2.142857            124.667035          
1.000000            2.142857            120.116288          
1.071429            2.142857            115.742032          
1.142857            2.142857            111.534016          
1.214286            2.142857            107.480962          
1.285714            2.142857            103.570901          
1.357143            2.142857            99.791444           
1.428571            2.142857            96.130015           
1.500000            2.142857            92.574038           
1.571429            2.142857            89.111075           
1.642857            2.142857            85.728952           
1.714286            2.142857            82.415848           
1.785714            2.142857            79.160364           
1.857143            2.142857            75.951589           
1.928571            2.142857            72.779137           
2.000000            2.142857            69.633199           
2.071429            2.142857            66.504569           
2.142857            2.142857            63.384686           
2.214286            2.142857            60.265660           
2.285714            2.142857            57.140307           
2.357143            2.142857            54.002181           
2.428571            2.142857            50.845605           
2.500000            2.142857            47.665703           
2.571429            2.142857            44.458429           
2.642857            2.142857            41.220593           
2.714286            2.142857            37.949881           
2.785714            2.142857            34.644869           
2.857143            2.142857            31.305028           
2.928571            2.142857            27.930717           
3.000000            2.142857            24.523159           
3.071429            2.142857            21.084412           
3.142857            2.142857            17.617308           
3.214286            2.142857            14.125391           
3.285714            2.142857            10.612827           
3.357143            2.142857            7.084301            
3.428571            2.142857            3.544903            
3.500000            2.142857            0.000000            
0.000000            2.214286            200.000000          
0.071429            2.214286            193.063739          
0.142857            2.214286            186.168580          
0.214286            2.214286            179.353981          
0.285714            2.214286            172.656264          
0.357143            2.214286            166.107408          
0.428571            2.214286            159.734210          
0.500000            2.214286            153.557831          
0.571429            2.214286            147.593707          
0.642857            2.214286            141.851767          
0.714286            2.214286            136.336875          
0.785714            2.214286            131.049424          
0.857143            2.214286            125.986002          
0.928571            2.214286            121.140070          
1.000000            2.214286            116.502615          
1.071429            2.214286            112.062746          
1.142857            2.214286            107.808214          
1.214286            2.214286            103.725864          
1.285714            2.214286            99.801998           
1.357143            2.214286            96.022678           
1.428571            2.214286            92.373963           
1.500000            2.214286            88.842091           
1.571429            2.214286            85.413627           
1.642857            2.214286            82.075559           
1.714286            2.214286            78.815385           
1.785714            2.214286            75.621166           
1.857143            2.214286            72.481571           
1.928571            2.214286            69.385907           
2.000000            2.214286            66.324146           
2.071429            2.214286            63.286944           
2.142857            2.214286            60.265660           
2.214286            2.214286            57.252373           
2.285714            2.214286            54.239899           
2.357143            2.214286            51.221811           
2.428571            2.214286            48.192453           
2.500000            2.214286            45.146959           
2.571429            2.214286            42.081269           
2.642857            2.214286            38.992141           
2.714286            2.214286            35.877157           
2.785714            2.214286            32.734730           
2.857143            2.214286            29.564095           
2.928571            2.214286            26.365294           
3.000000            2.214286            23.139151           
3.071429            2.214286            19.887234           
3.142857            2.214286            16.611802           
3.214286            2.214286            13.315740           
3.285714            2.214286            10.002478           
3.357143            2.214286            6.675902            
3.428571            2.214286            3.340251            
3.500000            2.214286            0.000000            
0.000000            2.285714            200.000000          
0.071429            2.285714            192.624317          
0.142857            2.285714            185.298084          
0.214286            2.285714            178.068560          
0.285714            2.285714            170.978853          
0.357143            2.285714            164.066384          
0.428571            2.285714            157.361876          
0.500000            2.285714            150.888889          
0.571429            2.285714            144.663854          
0.642857            2.285714            138.696494          
0.714286            2.285714            132.990518          
0.785714            2.285714            127.544471          
0.857143            2.285714            122.352642          
0.928571            2.285714            117.405946          
1.000000            2.285714            112.692748          
1.071429            2.285714            108.199580          
1.142857            2.285714            103.911754          
1.214286            2.285714            99.813860           
1.285714            2.285714            95.890177           
1.357143            2.285714            92.124979           
1.428571            2.285714            88.502771           
1.500000            2.285714            85.008474           
1.571429            2.285714            81.627539           
1.642857            2.285714            78.346043           
1.714286            2.285714            75.150745           
1.785714            2.285714            72.029122           
1.857143            2.285714            68.969392           
1.928571            2.285714            65.960530           
2.000000            2.285714            62.992269           
2.071429            2.285714            60.055107           
2.142857            2.285714            57.140307           
2.214286            2.285714            54.239899           
2.285714            2.285714            51.346683           
2.357143            2.285714            48.454232           
2.428571            2.285714            45.556895           
2.500000            2.285714            42.649802           
2.571429            2.285714            39.728865           
2.642857            2.285714            36.790782           
2.714286            2.285714            33.833030           
2.785714            2.285714            30.853865           
2.857143            2.285714            27.852299           
2.928571            2.285714            24.828086           
3.000000            2.285714            21.781689           
3.071429            2.285714            18.714239           
3.142857            2.285714            15.627488           
3.214286            2.285714            12.523740           
3.285714            2.285714            9.405783            
3.357143            2.285714            6.276808            
3.428571            2.285714            3.140311            
3.500000            2.285714            0.000000            
0.000000            2.357143            200.000000          
0.071429            2.357143            192.135555          
0.142857            2.357143            184.331099          
0.214286            2.357143            176.643651          
0.285714            2.357143            169.124642          
0.357143            2.357143            161.817944          
0.428571            2.357143            154.758667          
0.500000            2.357143            147.972743          
0.571429            2.357143            141.477173          
0.642857            2.357143            135.280780          
0.714286            2.357143            129.385265          
0.785714            2.357143            123.786420          
0.857143            2.357143            118.475347          
0.928571            2.357143            113.439600          
1.000000            2.357143            108.664200          
1.071429            2.357143            104.132489          
1.142857            2.357143            99.826834           
1.214286            2.357143            95.729176           
1.285714            2.357143            91.821450           
1.357143            2.357143            88.085906           
1.428571            2.357143            84.505325           
1.500000            2.357143            81.063176           
1.571429            2.357143            77.743715           
1.642857            2.357143            74.532048           
1.714286            2.357143            71.414155           
1.785714            2.357143            68.376908           
1.857143            2.357143            65.408064           
1.928571            2.357143            62.496256           
2.000000            2.357143            59.630976           
2.071429            2.357143            56.802562           
2.142857            2.357143            54.002181           
2.214286            2.357143            51.221811           
2.285714            2.357143            48.454232           
2.357143            2.357143            45.693015           
2.428571            2.357143            42.932510           
2.500000            2.357143            40.167837           
2.571429            2.357143            37.394885           
2.642857            2.357143            34.610290           
2.714286            2.357143            31.811436           
2.785714            2.357143            28.996431           
2.857143            2.357143            26.164090           
2.928571            2.357143            23.313908           
3.000000            2.357143            20.446027           
3.071429            2.357143            17.561195           
3.142857            2.357143            14.660714           
3.214286            2.357143            11.746385           
3.285714            2.357143            8.820437            
3.357143            2.357143            5.885455            
3.428571            2.357143            2.944295            
3.500000            2.357143            0.000000            
0.000000            2.428571            200.000000          
0.071429            2.428571            191.586909          
0.142857            2.428571            183.247320          
0.214286            2.428571            175.050621          
0.285714            2.428571            167.058544          
0.357143            2.428571            159.322607          
0.428571            2.428571            151.882730          
0.500000            2.428571            144.766965          
0.571429            2.428571            137.992133          
0.642857            2.428571            131.565095          
0.714286            2.428571            125.484337          
0.785714            2.428571            119.741676          
0.857143            2.428571            114.323884          
0.928571            2.428571            109.214140          
1.000000            2.428571            104.393263          
1.071429            2.428571            99.840708           
1.142857            2.428571            95.535342           
1.214286            2.428571            91.456033           
1.285714            2.428571            87.582064           
1.357143            2.428571            83.893433           
1.428571            2.428571            80.371042           
1.500000            2.428571            76.996811           
1.571429            2.428571            73.753741           
1.642857            2.428571            70.625934           
1.714286            2.428571            67.598583           
1.785714            2.428571            64.657955           
1.857143            2.428571            61.791357           
1.928571            2.428571            58.987096           
2.000000            2.428571            56.234439           
2.071429            2.428571            53.523581           
2.142857            2.428571            50.845605           
2.214286            2.428571            48.192453           
2.285714            2.428571            45.556895           
2.357143            2.428571            42.932510           
2.428571            2.428571            40.313655           
2.500000            2.428571            37.695455           
2.571429            2.428571            35.073777           
2.642857            2.428571            32.445216           
2.714286            2.428571            29.807072           
2.785714            2.428571            27.157329           
2.857143            2.428571            24.494630           
2.928571            2.428571            21.818246           
3.000000            2.428571            19.128039           
3.071429            2.428571            16.424422           
3.142857            2.428571            13.708313           
3.214286            2.428571            10.981071           
3.285714            2.428571            8.244443            
3.357143            2.428571            5.500492            
3.428571            2.428571            2.751522            
3.500000            2.428571            0.000000            
0.000000            2.500000            200.000000          
0.071429            2.500000            190.964865          
0.142857            2.500000            182.020855          
0.214286            2.500000            173.253274          
0.285714            2.500000            164.736709          
0.357143            2.500000            156.531714          
0.428571            2.500000            148.683282          
0.500000            2.500000            141.220944          
0.571429            2.500000            134.160084          
0.642857            2.500000            127.503999          
0.714286            2.500000            121.246266          
0.785714            2.500000            115.373098          
0.857143            2.500000            109.865483          
0.928571            2.500000            104.700995          
1.000000            2.500000            99.855253           
1.071429            2.500000            95.303045           
1.142857            2.500000            91.019160           
1.214286            2.500000            86.978964           
1.285714            2.500000            83.158798           
1.357143            2.500000            79.536218           
1.428571            2.500000            76.090128           
1.500000            2.500000            72.800842           
1.571429            2.500000            69.650082           
1.642857            2.500000            66.620951           
1.714286            2.500000            63.697882           
1.785714            2.500000            60.866568           
1.857143            2.500000            58.113903           
1.928571            2.500000            55.427906           
2.000000            2.500000            52.797658           
2.071429            2.500000            50.213247           
2.142857            2.500000            47.665703           
2.214286            2.500000            45.146959           
2.285714            2.500000            42.649802           
2.357143            2.500000            40.167837           
2.428571            2.500000            37.695455           
2.500000            2.500000            35.227797           
2.571429            2.500000            32.760735           
2.642857            2.500000            30.290836           
2.714286            2.500000            27.815341           
2.785714            2.500000            25.332138           
2.857143            2.500000            22.839727           
2.928571            2.500000            20.337189           
3.000000            2.500000            17.824152           
3.071429            2.500000            15.300743           
3.142857            2.500000            12.767546           
3.214286            2.500000            10.225548           
3.285714            2.500000            7.676079            
3.357143            2.500000            5.120753            
3.428571            2.500000            2.561402            
3.500000            2.500000            0.000000            
0.000000            2.571429            200.000000          
0.071429            2.571429            190.251792          
0.142857            2.571429            180.618156          
0.214286            2.571429            171.205201          
0.285714            2.571429            162.103690          
0.357143            2.571429            153.384736          
0.428571            2.571429            145.098311          
0.500000            2.571429            137.274106          
0.571429            2.571429            129.924008          
0.642857            2.571429            123.045382          
0.714286            2.571429            116.624539          
0.785714            2.571429            110.639953          
0.857143            2.571429            105.065015          
0.928571            2.571429            99.870230           
1.000000            2.571429            95.024897           
1.071429            2.571429            90.498309           
1.142857            2.571429            86.260589           
1.214286            2.571429            82.283215           
1.285714            2.571429            78.539339           
1.357143            2.571429            75.003940           
1.428571            2.571429            71.653870           
1.500000            2.571429            68.467829           
1.571429            2.571429            65.426294           
1.642857            2.571429            62.511422           
1.714286            2.571429            59.706945           
1.785714            2.571429            56.998054           
1.857143            2.571429            54.371296           
1.928571            2.571429            51.814467           
2.000000            2.571429            49.316526           
2.071429            2.571429            46.867503           
2.142857            2.571429            44.458429           
2.214286            2.571429            42.081269           
2.285714            2.571429            39.728865           
2.357143            2.571429            37.394885           
2.428571            2.571429            35.073777           
2.500000            2.571429            32.760735           
2.571429            2.571429            30.451655           
2.642857            2.571429            28.143108           
2.714286            2.571429            25.832306           
2.785714            2.571429            23.517065           
2.857143            2.571429            21.195779           
2.928571            2.571429            18.867379           
3.000000            2.571429            16.531296           
3.071429            2.571429            14.187422           
3.142857            2.571429            11.836061           
3.214286            2.571429            9.477881            
3.285714            2.571429            7.113861            
3.357143            2.571429            4.745235            
3.428571            2.571429            2.373429            
3.500000            2.571429            0.000000            
0.000000            2.642857            200.000000          
0.071429            2.642857            189.424239          
0.142857            2.642857            178.994959          
0.214286            2.642857            168.845962          
0.285714            2.642857            159.088479          
0.357143            2.642857            149.805685          
0.428571            2.642857            141.051659          
0.500000            2.642857            132.853786          
0.571429            2.642857            125.217165          
0.642857            2.642857            118.129768          
0.714286            2.642857            111.567417          
0.785714            2.642857            105.498096          
0.857143            2.642857            99.885394           
0.928571            2.642857            94.691081           
1.000000            2.642857            89.876921           
1.071429            2.642857            85.405888           
1.142857            2.642857            81.242903           
1.214286            2.642857            77.355244           
1.285714            2.642857            73.712720           
1.357143            2.642857            70.287685           
1.428571            2.642857            67.054964           
1.500000            2.642857            63.991715           
1.571429            2.642857            61.077265           
1.642857            2.642857            58.292934           
1.714286            2.642857            55.621862           
1.785714            2.642857            53.048847           
1.857143            2.642857            50.560191           
1.928571            2.642857            48.143564           
2.000000            2.642857            45.787880           
2.071429            2.642857            43.483192           
2.142857            2.642857            41.220593           
2.214286            2.642857            38.992141           
2.285714            2.642857            36.790782           
2.357143            2.642857            34.610290           
2.428571            2.642857            32.445216           
2.500000            2.642857            30.290836           
2.571429            2.642857            28.143108           
2.642857            2.642857            25.998640           
2.714286            2.642857            23.854642           
2.785714            2.642857            21.708899           
2.857143            2.642857            19.559731           
2.928571            2.642857            17.405958           
3.000000            2.642857            15.246857           
3.071429            2.642857            13.082129           
3.142857            2.642857            10.911848           
3.214286            2.642857            8.736419            
3.285714            2.642857            6.556525            
3.357143            2.642857            4.373081            
3.428571            2.642857            2.187171            
3.500000            2.642857            0.000000            
0.000000            2.714286            200.000000          
0.071429            2.714286            188.450291          
0.142857            2.714286            177.091654          
0.214286            2.714286            166.095466          
0.285714            2.714286            155.598923          
0.357143            2.714286            145.698291          
0.428571            2.714286            136.449363          
0.500000            2.714286            127.872800          
0.571429            2.714286            119.961765          
0.642857            2.714286            112.689848          
0.714286            2.714286            106.018073          
0.785714            2.714286            99.900496           
0.857143            2.714286            94.288328           
0.928571            2.714286            89.132779           
1.000000            2.714286            84.386878           
1.071429            2.714286            80.006529           
1.142857            2.714286            75.951049           
1.214286            2.714286            72.183340           
1.285714            2.714286            68.669849           
1.357143            2.714286            65.380386           
1.428571            2.714286            62.287884           
1.500000            2.714286            59.368123           
1.571429            2.714286            56.599454           
1.642857            2.714286            53.962533           
1.714286            2.714286            51.440074           
1.785714            2.714286            49.016634           
1.857143            2.714286            46.678406           
1.928571            2.714286            44.413055           
2.000000            2.714286            42.209559           
2.071429            2.714286            40.058088           
2.142857            2.714286            37.949881           
2.214286            2.714286            35.877157           
2.285714            2.714286            33.833030           
2.357143            2.714286            31.811436           
2.428571            2.714286            29.807072           
2.500000            2.714286            27.815341           
2.571429            2.714286            25.832306           
2.642857            2.714286            23.854642           
2.714286            2.714286            21.879600           
2.785714            2.714286            19.904967           
2.857143            2.714286            17.929028           
2.928571            2.714286            15.950527           
3.000000            2.714286            13.968634           
3.071429            2.714286            11.982897           
3.142857            2.714286            9.993211            
3.214286            2.714286            7.999764            
3.285714            2.714286            6.002999            
3.357143            2.714286            4.003564            
3.428571            2.714286            2.002262            
3.500000            2.714286            0.000000            
0.000000            2.785714            200.000000          
0.071429            2.785714            187.285350          
0.142857            2.785714            174.826061          
0.214286            2.785714            162.845568          
0.285714            2.785714            151.513775          
0.357143            2.785714            140.939590          
0.428571            2.785714            131.175177          
0.500000            2.785714            122.226833          
0.571429            2.785714            114.067865          
0.642857            2.785714            106.650473          
0.714286            2.785714            99.915288           
0.785714            2.785714            93.798305           
0.857143            2.785714            88.235520           
0.928571            2.785714            83.165765           
1.000000            2.785714            78.532267           
1.071429            2.785714            74.283336           
1.142857            2.785714            70.372502           
1.214286            2.785714            66.758338           
1.285714            2.785714            63.404103           
1.357143            2.785714            60.277309           
1.428571            2.785714            57.349272           
1.500000            2.785714            54.594669           
1.571429            2.785714            51.991141           
1.642857            2.785714            49.518924           
1.714286            2.785714            47.160530           
1.785714            2.785714            44.900469           
1.857143            2.785714            42.725001           
1.928571            2.785714            40.621934           
2.000000            2.785714            38.580445           
2.071429            2.785714            36.590928           
2.142857            2.785714            34.644869           
2.214286            2.785714            32.734730           
2.285714            2.785714            30.853865           
2.357143            2.785714            28.996431           
2.428571            2.785714            27.157329           
2.500000            2.785714            25.332138           
2.571429            2.785714            23.517065           
2.642857            2.785714            21.708899           
2.714286            2.785714            19.904967           
2.785714            2.785714            18.103096           
2.857143            2.785714            16.301573           
2.928571            2.785714            14.499109           
3.000000            2.785714            12.694800           
3.071429            2.785714            10.888089           
3.142857            2.785714            9.078731            
3.214286            2.785714            7.266747            
3.285714            2.785714            5.452385            
3.357143            2.785714            3.636077            
3.428571            2.785714            1.818394            
3.500000            2.785714            0.000000            
0.000000            2.857143            200.000000          
0.071429            2.857143            185.865125          
0.142857            2.857143            172.081820          
0.214286            2.857143            158.947193          
0.285714            2.857143            146.671314          
0.357143            2.857143            135.371485          
0.428571            2.857143            125.085358          
0.500000            2.857143            115.791995          
0.571429            2.857143            107.432960          
0.642857            2.857143            99.929526           
0.714286            2.857143            93.194995           
0.785714            2.857143            87.142672           
0.857143            2.857143            81.690490           
0.928571            2.857143            76.763355           
1.000000            2.857143            72.294002           
1.071429            2.857143            68.223000           
1.142857            2.857143            64.498280           
1.214286            2.857143            61.074438           
1.285714            2.857143            57.911979           
1.357143            2.857143            54.976570           
1.428571            2.857143            52.238341           
1.500000            2.857143            49.671275           
1.571429            2.857143            47.252665           
1.642857            2.857143            44.962650           
1.714286            2.857143            42.783818           
1.785714            2.857143            40.700874           
1.857143            2.857143            38.700352           
1.928571            2.857143            36.770384           
2.000000            2.857143            34.900492           
2.071429            2.857143            33.081428           
2.142857            2.857143            31.305028           
2.214286            2.857143            29.564095           
2.285714            2.857143            27.852299           
2.357143            2.857143            26.164090           
2.428571            2.857143            24.494630           
2.500000            2.857143            22.839727           
2.571429            2.857143            21.195779           
2.642857            2.857143            19.559731           
2.714286            2.857143            17.929028           
2.785714            2.857143            16.301573           
2.857143            2.857143            14.675696           
2.928571            2.857143            13.050107           
3.000000            2.857143            11.423872           
3.071429            2.857143            9.796366            
3.142857            2.857143            8.167244            
3.214286            2.857143            6.536403            
3.285714            2.857143            4.903938            
3.357143            2.857143            3.270113            
3.428571            2.857143            1.635311            
3.500000            2.857143            0.000000            
0.000000            2.928571            200.000000          
0.071429            2.928571            184.093396          
0.142857            2.928571            168.689035          
0.214286            2.928571            154.190273          
0.285714            2.928571            140.853072          
0.357143            2.928571            128.790014          
0.428571            2.928571            118.003173          
0.500000            2.928571            108.423288          
0.571429            2.928571            99.942977           
0.642857            2.928571            92.440254           
0.714286            2.928571            85.793131           
0.785714            2.928571            79.887584           
0.857143            2.928571            74.621154           
0.928571            2.928571            69.903948           
1.000000            2.928571            65.658214           
1.071429            2.928571            61.817254           
1.142857            2.928571            58.324087           
1.214286            2.928571            55.130095           
1.285714            2.928571            52.193779           
1.357143            2.928571            49.479645           
1.428571            2.928571            46.957264           
1.500000            2.928571            44.600460           
1.571429            2.928571            42.386642           
1.642857            2.928571            40.296249           
1.714286            2.928571            38.312280           
1.785714            2.928571            36.419917           
1.857143            2.928571            34.606208           
1.928571            2.928571            32.859804           
2.000000            2.928571            31.170746           
2.071429            2.928571            29.530281           
2.142857            2.928571            27.930717           
2.214286            2.928571            26.365294           
2.285714            2.928571            24.828086           
2.357143            2.928571            23.313908           
2.428571            2.928571            21.818246           
2.500000            2.928571            20.337189           
2.571429            2.928571            18.867379           
2.642857            2.928571            17.405958           
2.714286            2.928571            15.950527           
2.785714            2.928571            14.499109           
2.857143            2.928571            13.050107           
2.928571            2.928571            11.602274           
3.000000            2.928571            10.154674           
3.071429            2.928571            8.706656            
3.142857            2.928571            7.257812            
3.214286            2.928571            5.807950            
3.285714            2.928571            4.357056            
3.357143            2.928571            2.905262            
3.428571            2.928571            1.452805            
3.500000            2.928571            0.000000            
0.000000            3.000000            200.000000          
0.071429            3.000000            181.819487          
0.142857            3.000000            164.390775          
0.214286            3.000000            148.271976          
0.285714            3.000000            133.760928          
0.357143            3.000000            120.932628          
0.428571            3.000000            109.714389          
0.500000            3.000000            99.955421           
0.571429            3.000000            91.475875           
0.642857            3.000000            84.095904           
0.714286            3.000000            77.650262           
0.785714            3.000000            71.993997           
0.857143            3.000000            67.003260           
0.928571            3.000000            62.573776           
1.000000            3.000000            58.618398           
1.071429            3.000000            55.064499           
1.142857            3.000000            51.851535           
1.214286            3.000000            48.928925           
1.285714            3.000000            46.254268           
1.357143            3.000000            43.791866           
1.428571            3.000000            41.511526           
1.500000            3.000000            39.387589           
1.571429            3.000000            37.398139           
1.642857            3.000000            35.524374           
1.714286            3.000000            33.750089           
1.785714            3.000000            32.061260           
1.857143            3.000000            30.445708           
1.928571            3.000000            28.892823           
2.000000            3.000000            27.393339           
2.071429            3.000000            25.939150           
2.142857            3.000000            24.523159           
2.214286            3.000000            23.139151           
2.285714            3.000000            21.781689           
2.357143            3.000000            20.446027           
2.428571            3.000000            19.128039           
2.500000            3.000000            17.824152           
2.571429            3.000000            16.531296           
2.642857            3.000000            15.246857           
2.714286            3.000000            13.968634           
2.785714            3.000000            12.694800           
2.857143            3.000000            11.423872           
2.928571            3.000000            10.154674           
3.000000            3.000000            8.886311            
3.071429            3.000000            7.618130            
3.142857            3.000000            6.349699            
3.214286            3.000000            5.080772            
3.285714            3.000000            3.811258            
3.357143            3.000000            2.541194            
3.428571            3.000000            1.270710            
3.500000            3.000000            0.000000            
0.000000            3.071429            200.000000          
0.071429            3.071429            178.793830          
0.142857            3.071429            158.782709          
0.214286            3.071429            140.746088          
0.285714            3.071429            124.986251          
0.357143            3.071429            111.465447          
0.428571            3.071429            99.966652           
0.500000            3.071429            90.208498           
0.571429            3.071429            81.909613           
0.642857            3.071429            74.817686           
0.714286            3.071429            68.718522           
0.785714            3.071429            63.435429           
0.857143            3.071429            58.824699           
0.928571            3.071429            54.770122           
1.000000            3.071429            51.177765           
1.071429            3.071429            47.971502           
1.142857            3.071429            45.089350           
1.214286            3.071429            42.480551           
1.285714            3.071429            40.103274           
1.357143            3.071429            37.922815           
1.428571            3.071429            35.910195           
1.500000            3.071429            34.041053           
1.571429            3.071429            32.294784           
1.642857            3.071429            30.653861           
1.714286            3.071429            29.103286           
1.785714            3.071429            27.630170           
1.857143            3.071429            26.223381           
1.928571            3.071429            24.873273           
2.000000            3.071429            23.571459           
2.071429            3.071429            22.310631           
2.142857            3.071429            21.084412           
2.214286            3.071429            19.887234           
2.285714            3.071429            18.714239           
2.357143            3.071429            17.561195           
2.428571            3.071429            16.424422           
2.500000            3.071429            15.300743           
2.571429            3.071429            14.187422           
2.642857            3.071429            13.082129           
2.714286            3.071429            11.982897           
2.785714            3.071429            10.888089           
2.857143            3.071429            9.796366            
2.928571            3.071429            8.706656            
3.000000            3.071429            7.618130            
3.071429            3.071429            6.530171            
3.142857            3.071429            5.442348            
3.214286            3.071429            4.354394            
3.285714            3.071429            3.266171            
3.357143            3.071429            2.177654            
3.428571            3.071429            1.088894            
3.500000            3.071429            0.000000            
0.000000            3.142857            200.000000          
0.071429            3.142857            174.573171          
0.142857            3.142857            151.200236          
0.214286            3.142857            130.943556          
0.285714            3.142857            113.972726          
0.357143            3.142857            99.976487           
0.428571            3.142857            88.478549           
0.500000            3.142857            79.002621           
0.571429            3.142857            71.136753           
0.642857            3.142857            64.547101           
0.714286            3.142857            58.971150           
0.785714            3.142857            54.204970           
0.857143            3.142857            50.090494           
0.928571            3.142857            46.504788           
1.000000            3.142857            43.351609           
1.071429            3.142857            40.554993           
1.142857            3.142857            38.054438           
1.214286            3.142857            35.801303           
1.285714            3.142857            33.756129           
1.357143            3.142857            31.886613           
1.428571            3.142857            30.166086           
1.500000            3.142857            28.572355           
1.571429            3.142857            27.086806           
1.642857            3.142857            25.693725           
1.714286            3.142857            24.379755           
1.785714            3.142857            23.133483           
1.857143            3.142857            21.945101           
1.928571            3.142857            20.806151           
2.000000            3.142857            19.709305           
2.071429            3.142857            18.648202           
2.142857            3.142857            17.617308           
2.214286            3.142857            16.611802           
2.285714            3.142857            15.627488           
2.357143            3.142857            14.660714           
2.428571            3.142857            13.708313           
2.500000            3.142857            12.767546           
2.571429            3.142857            11.836061           
2.642857            3.142857            10.911848           
2.714286            3.142857            9.993211            
2.785714            3.142857            9.078731            
2.857143            3.142857            8.167244            
2.928571            3.142857            7.257812            
3.000000            3.142857            6.349699            
3.071429            3.142857            5.442348            
3.142857            3.142857            4.535360            
3.214286            3.142857            3.628469            
3.285714            3.142857            2.721520            
3.357143            3.142857            1.814449            
3.428571            3.142857            0.907260            
3.500000            3.142857            0.000000            
0.000000            3.214286            200.000000          
0.071429            3.214286            168.298659          
0.142857            3.214286            140.501588          
0.214286            3.214286            117.855290          
0.285714            3.214286            99.984764           
0.357143            3.214286            85.989420           
0.428571            3.214286            74.968668           
0.500000            3.214286            66.186949           
0.571429            3.214286            59.087977           
0.642857            3.214286            53.263150           
0.714286            3.214286            48.414373           
0.785714            3.214286            44.323205           
0.857143            3.214286            40.827948           
0.928571            3.214286            37.807379           
1.000000            3.214286            35.169369           
1.071429            3.214286            32.842928           
1.142857            3.214286            30.772628           
1.214286            3.214286            28.914638           
1.285714            3.214286            27.233886           
1.357143            3.214286            25.701995           
1.428571            3.214286            24.295770           
1.500000            3.214286            22.996071           
1.571429            3.214286            21.786966           
1.642857            3.214286            20.655087           
1.714286            3.214286            19.589140           
1.785714            3.214286            18.579517           
1.857143            3.214286            17.618001           
1.928571            3.214286            16.697529           
2.000000            3.214286            15.812005           
2.071429            3.214286            14.956153           
2.142857            3.214286            14.125391           
2.214286            3.214286            13.315740           
2.285714            3.214286            12.523740           
2.357143            3.214286            11.746385           
2.428571            3.214286            10.981071           
2.500000            3.214286            10.225548           
2.571429            3.214286            9.477881            
2.642857            3.214286            8.736419            
2.714286            3.214286            7.999764            
2.785714            3.214286            7.266747            
2.857143            3.214286            6.536403            
2.928571            3.214286            5.807950            
3.000000            3.214286            5.080772            
3.071429            3.214286            4.354394            
3.142857            3.214286            3.628469            
3.214286            3.214286            2.902757            
3.285714            3.214286            2.177107            
3.357143            3.214286            1.451441            
3.428571            3.214286            0.725735            
3.500000            3.214286            0.000000            
0.000000            3.285714            200.000000          
0.071429            3.285714            158.119907          
0.142857            3.285714            124.652230          
0.214286            3.285714            99.991347           
0.285714            3.285714            82.121746           
0.357143            3.285714            69.027917           
0.428571            3.285714            59.219938           
0.500000            3.285714            51.688743           
0.571429            3.285714            45.765300           
0.642857            3.285714            41.003418           
0.714286            3.285714            37.100283           
0.785714            3.285714            33.845847           
0.857143            3.285714            31.091056           
0.928571            3.285714            28.727779           
1.000000            3.285714            26.675944           
1.071429            3.285714            24.875126           
1.142857            3.285714            23.278930           
1.214286            3.285714            21.851173           
1.285714            3.285714            20.563234           
1.357143            3.285714            19.392175           
1.428571            3.285714            18.319402           
1.500000            3.285714            17.329675           
1.571429            3.285714            16.410386           
1.642857            3.285714            15.551010           
1.714286            3.285714            14.742694           
1.785714            3.285714            13.977937           
1.857143            3.285714            13.250348           
1.928571            3.285714            12.554446           
2.000000            3.285714            11.885516           
2.071429            3.285714            11.239486           
2.142857            3.285714            10.612827           
2.214286            3.285714            10.002478           
2.285714            3.285714            9.405783            
2.357143            3.285714            8.820437            
2.428571            3.285714            8.244443            
2.500000            3.285714            7.676079            
2.571429            3.285714            7.113861            
2.642857            3.285714            6.556525            
2.714286            3.285714            6.002999            
2.785714            3.285714            5.452385            
2.857143            3.285714            4.903938            
2.928571            3.285714            4.357056            
3.000000            3.285714            3.811258            
3.071429            3.285714            3.266171            
3.142857            3.285714            2.721520            
3.214286            3.285714            2.177107            
3.285714            3.285714            1.632804            
3.357143            3.285714            1.088538            
3.428571            3.285714            0.544272            
3.500000            3.285714            0.000000            
0.000000            3.357143            200.000000          
0.071429            3.357143            139.528762          
0.142857            3.357143            99.996128           
0.214286            3.357143            75.336192           
0.285714            3.357143            59.483050           
0.357143            3.357143            48.780680           
0.428571            3.357143            41.194564           
0.500000            3.357143            35.582948           
0.571429            3.357143            31.281245           
0.642857            3.357143            27.885141           
0.714286            3.357143            25.137716           
0.785714            3.357143            22.869087           
0.857143            3.357143            20.962908           
0.928571            3.357143            19.337011           
1.000000            3.357143            17.931795           
1.071429            3.357143            16.703008           
1.142857            3.357143            15.617111           
1.214286            3.357143            14.648221           
1.285714            3.357143            13.776040           
1.357143            3.357143            12.984420           
1.428571            3.357143            12.260344           
1.500000            3.357143            11.593204           
1.571429            3.357143            10.974260           
1.642857            3.357143            10.396243           
1.714286            3.357143            9.853060            
1.785714            3.357143            9.339563            
1.857143            3.357143            8.851377            
1.928571            3.357143            8.384757            
2.000000            3.357143            7.936491            
2.071429            3.357143            7.503804            
2.142857            3.357143            7.084301            
2.214286            3.357143            6.675902            
2.285714            3.357143            6.276808            
2.357143            3.357143            5.885455            
2.428571            3.357143            5.500492            
2.500000            3.357143            5.120753            
2.571429            3.357143            4.745235            
2.642857            3.357143            4.373081            
2.714286            3.357143            4.003564            
2.785714            3.357143            3.636077            
2.857143            3.357143            3.270113            
2.928571            3.357143            2.905262            
3.000000            3.357143            2.541194            
3.071429            3.357143            2.177654            
3.142857            3.357143            1.814449            
3.214286            3.357143            1.451441            
3.285714            3.357143            1.088538            
3.357143            3.357143            0.725680            
3.428571            3.357143            0.362838            
3.500000            3.357143            0.000000            
0.000000            3.428571            200.000000          
0.071429            3.428571            99.999028           
0.142857            3.428571            60.467358           
0.214286            3.428571            41.874293           
0.285714            3.428571            31.693644           
0.357143            3.428571            25.417267           
0.428571            3.428571            21.194783           
0.500000            3.428571            18.167348           
0.571429            3.428571            15.891713           
0.642857            3.428571            14.118322           
0.714286            3.428571            12.696501           
0.785714            3.428571            11.530040           
0.857143            3.428571            10.554652           
0.928571            3.428571            9.725745            
1.000000            3.428571            9.011412            
1.071429            3.428571            8.388204            
1.142857            3.428571            7.838497            
1.214286            3.428571            7.348781            
1.285714            3.428571            6.908515            
1.357143            3.428571            6.509352            
1.428571            3.428571            6.144589            
1.500000            3.428571            5.808781            
1.571429            3.428571            5.497452            
1.642857            3.428571            5.206890            
1.714286            3.428571            4.933988            
1.785714            3.428571            4.676128            
1.857143            3.428571            4.431086            
1.928571            3.428571            4.196962            
2.000000            3.428571            3.972127            
2.071429            3.428571            3.755179            
2.142857            3.428571            3.544903            
2.214286            3.428571            3.340251            
2.285714            3.428571            3.140311            
2.357143            3.428571            2.944295            
2.428571            3.428571            2.751522            
2.500000            3.428571            2.561402            
2.571429            3.428571            2.373429            
2.642857            3.428571            2.187171            
2.714286            3.428571            2.002262            
2.785714            3.428571            1.818394            
2.857143            3.428571            1.635311            
2.928571            3.428571            1.452805            
3.000000            3.428571            1.270710            
3.071429            3.428571            1.088894            
3.142857            3.428571            0.907260            
3.214286            3.428571            0.725735            
3.285714            3.428571            0.544272            
3.357143            3.428571            0.362838            
3.428571            3.428571            0.181417            
3.500000            3.428571            0.000000            
0.000000            3.500000            200.000000          
0.071429            3.500000            0.000000            
0.142857            3.500000            0.000000            
0.214286            3.500000            0.000000            
0.285714            3.500000            0.000000            
0.357143            3.500000            0.000000            
0.428571            3.500000            0.000000            
0.500000            3.500000            0.000000            
0.571429            3.500000            0.000000            
0.642857            3.500000            0.000000            
0.714286            3.500000            0.000000            
0.785714            3.500000            0.000000            
0.857143            3.500000            0.000000            
0.928571            3.500000            0.000000            
1.000000            3.500000            0.000000            
1.071429            3.500000            0.000000            
1.142857            3.500000            0.000000            
1.214286            3.500000            0.000000            
1.285714            3.500000            0.000000            
1.357143            3.500000            0.000000            
1.428571            3.500000            0.000000            
1.500000            3.500000            0.000000            
1.571429            3.500000            0.000000            
1.642857            3.500000            0.000000            
1.714286            3.500000            0.000000            
1.785714            3.500000            0.000000            
1.857143            3.500000            0.000000            
1.928571            3.500000            0.000000            
2.000000            3.500000            0.000000            
2.071429            3.500000            0.000000            
2.142857            3.500000            0.000000            
2.214286            3.500000            0.000000            
2.285714            3.500000            0.000000            
2.357143            3.500000            0.000000            
2.428571            3.500000            0.000000            
2.500000            3.500000            0.000000            
2.571429            3.500000            0.000000            
2.642857            3.500000            0.000000            
2.714286            3.500000            0.000000            
2.785714            3.500000            0.000000            
2.857143            3.500000            0.000000            
2.928571            3.500000            0.000000            
3.000000            3.500000            0.000000            
3.071429            3.500000            0.000000            
3.142857            3.500000            0.000000            
3.214286            3.500000            0.000000            
3.285714            3.500000            0.000000            
3.357143            3.500000            0.000000            
3.428571            3.500000            0.000000            
3.500000            3.500000            0.000000            
