0.000000            3.500000            200.000000          
0.071429            3.500000            0.000000            
0.142857            3.500000            0.000000            
0.214286            3.500000            0.000000            
0.285714            3.500000            0.000000            
0.357143            3.500000            0.000000            
0.428571            3.500000            0.000000            
0.500000            3.500000            0.000000            
0.571429            3.500000            0.000000            
0.642857            3.500000            0.000000            
0.714286            3.500000            0.000000            
0.785714            3.500000            0.000000            
0.857143            3.500000            0.000000            
0.928571            3.500000            0.000000            
1.000000            3.500000            0.000000            
1.071429            3.500000            0.000000            
1.142857            3.500000            0.000000            
1.214286            3.500000            0.000000            
1.285714            3.500000            0.000000            
1.357143            3.500000            0.000000            
1.428571            3.500000            0.000000            
1.500000            3.500000            0.000000            
1.571429            3.500000            0.000000            
1.642857            3.500000            0.000000            
1.714286            3.500000            0.000000            
1.785714            3.500000            0.000000            
1.857143            3.500000            0.000000            
1.928571            3.500000            0.000000            
2.000000            3.500000            0.000000            
2.071429            3.500000            0.000000            
2.142857            3.500000            0.000000            
2.214286            3.500000            0.000000            
2.285714            3.500000            0.000000            
2.357143            3.500000            0.000000            
2.428571            3.500000            0.000000            
2.500000            3.500000            0.000000            
2.571429            3.500000            0.000000            
2.642857            3.500000            0.000000            
2.714286            3.500000            0.000000            
2.785714            3.500000            0.000000            
2.857143            3.500000            0.000000            
2.928571            3.500000            0.000000            
3.000000            3.500000            0.000000            
3.071429            3.500000            0.000000            
3.142857            3.500000            0.000000            
3.214286            3.500000            0.000000            
3.285714            3.500000            0.000000            
3.357143            3.500000            0.000000            
3.428571            3.500000            0.000000            
3.500000            3.500000            0.000000            
0.000000            3.428571            200.000000          
0.071429            3.428571            4.064423            
0.142857            3.428571            4.061184            
0.214286            3.428571            4.061184            
0.285714            3.428571            4.061184            
0.357143            3.428571            4.061184            
0.428571            3.428571            4.061184            
0.500000            3.428571            4.061184            
0.571429            3.428571            4.061184            
0.642857            3.428571            4.061184            
0.714286            3.428571            4.061184            
0.785714            3.428571            4.061184            
0.857143            3.428571            4.061184            
0.928571            3.428571            4.061184            
1.000000            3.428571            4.061184            
1.071429            3.428571            4.061184            
1.142857            3.428571            4.061184            
1.214286            3.428571            4.061184            
1.285714            3.428571            4.061184            
1.357143            3.428571            4.061184            
1.428571            3.428571            4.061184            
1.500000            3.428571            4.061184            
1.571429            3.428571            4.061184            
1.642857            3.428571            4.061184            
1.714286            3.428571            4.061184            
1.785714            3.428571            4.061184            
1.857143            3.428571            4.061184            
1.928571            3.428571            4.061184            
2.000000            3.428571            4.061184            
2.071429            3.428571            4.061184            
2.142857            3.428571            4.061184            
2.214286            3.428571            4.061184            
2.285714            3.428571            4.061184            
2.357143            3.428571            4.061184            
2.428571            3.428571            4.061184            
2.500000            3.428571            4.061184            
2.571429            3.428571            4.061184            
2.642857            3.428571            4.061184            
2.714286            3.428571            4.061184            
2.785714            3.428571            4.061184            
2.857143            3.428571            4.061184            
2.928571            3.428571            4.061184            
3.000000            3.428571            4.061184            
3.071429            3.428571            4.061184            
3.142857            3.428571            4.061184            
3.214286            3.428571            4.061184            
3.285714            3.428571            4.061184            
3.357143            3.428571            4.061184            
3.428571            3.428571            4.061184            
3.500000            3.428571            0.000000            
0.000000            3.357143            200.000000          
0.071429            3.357143            8.128922            
0.142857            3.357143            8.122457            
0.214286            3.357143            8.122457            
0.285714            3.357143            8.122457            
0.357143            3.357143            8.122457            
0.428571            3.357143            8.122457            
0.500000            3.357143            8.122457            
0.571429            3.357143            8.122457            
0.642857            3.357143            8.122457            
0.714286            3.357143            8.122457            
0.785714            3.357143            8.122457            
0.857143            3.357143            8.122457            
0.928571            3.357143            8.122457            
1.000000            3.357143            8.122457            
1.071429            3.357143            8.122457            
1.142857            3.357143            8.122457            
1.214286            3.357143            8.122457            
1.285714            3.357143            8.122457            
1.357143            3.357143            8.122457            
1.428571            3.357143            8.122457            
1.500000            3.357143            8.122457            
1.571429            3.357143            8.122457            
1.642857            3.357143            8.122457            
1.714286            3.357143            8.122457            
1.785714            3.357143            8.122457            
1.857143            3.357143            8.122457            
1.928571            3.357143            8.122457            
2.000000            3.357143            8.122457            
2.071429            3.357143            8.122457            
2.142857            3.357143            8.122457            
2.214286            3.357143            8.122457            
2.285714            3.357143            8.122457            
2.357143            3.357143            8.122457            
2.428571            3.357143            8.122457            
2.500000            3.357143            8.122457            
2.571429            3.357143            8.122457            
2.642857            3.357143            8.122457            
2.714286            3.357143            8.122457            
2.785714            3.357143            8.122457            
2.857143            3.357143            8.122457            
2.928571            3.357143            8.122457            
3.000000            3.357143            8.122457            
3.071429            3.357143            8.122457            
3.142857            3.357143            8.122457            
3.214286            3.357143            8.122457            
3.285714            3.357143            8.122457            
3.357143            3.357143            8.122457            
3.428571            3.357143            8.122457            
3.500000            3.357143            0.000000            
0.000000            3.285714            200.000000          
0.071429            3.285714            12.193551           
0.142857            3.285714            12.183888           
0.214286            3.285714            12.183888           
0.285714            3.285714            12.183888           
0.357143            3.285714            12.183888           
0.428571            3.285714            12.183888           
0.500000            3.285714            12.183888           
0.571429            3.285714            12.183888           
0.642857            3.285714            12.183888           
0.714286            3.285714            12.183888           
0.785714            3.285714            12.183888           
0.857143            3.285714            12.183888           
0.928571            3.285714            12.183888           
1.000000            3.285714            12.183888           
1.071429            3.285714            12.183888           
1.142857            3.285714            12.183888           
1.214286            3.285714            12.183888           
1.285714            3.285714            12.183888           
1.357143            3.285714            12.183888           
1.428571            3.285714            12.183888           
1.500000            3.285714            12.183888           
1.571429            3.285714            12.183888           
1.642857            3.285714            12.183888           
1.714286            3.285714            12.183888           
1.785714            3.285714            12.183888           
1.857143            3.285714            12.183888           
1.928571            3.285714            12.183888           
2.000000            3.285714            12.183888           
2.071429            3.285714            12.183888           
2.142857            3.285714            12.183888           
2.214286            3.285714            12.183888           
2.285714            3.285714            12.183888           
2.357143            3.285714            12.183888           
2.428571            3.285714            12.183888           
2.500000            3.285714            12.183888           
2.571429            3.285714            12.183888           
2.642857            3.285714            12.183888           
2.714286            3.285714            12.183888           
2.785714            3.285714            12.183888           
2.857143            3.285714            12.183888           
2.928571            3.285714            12.183888           
3.000000            3.285714            12.183888           
3.071429            3.285714            12.183888           
3.142857            3.285714            12.183888           
3.214286            3.285714            12.183888           
3.285714            3.285714            12.183888           
3.357143            3.285714            12.183888           
3.428571            3.285714            12.183888           
3.500000            3.285714            0.000000            
0.000000            3.214286            200.000000          
0.071429            3.214286            16.258408           
0.142857            3.214286            16.245585           
0.214286            3.214286            16.245585           
0.285714            3.214286            16.245585           
0.357143            3.214286            16.245585           
0.428571            3.214286            16.245585           
0.500000            3.214286            16.245585           
0.571429            3.214286            16.245585           
0.642857            3.214286            16.245585           
0.714286            3.214286            16.245585           
0.785714            3.214286            16.245585           
0.857143            3.214286            16.245585           
0.928571            3.214286            16.245585           
1.000000            3.214286            16.245585           
1.071429            3.214286            16.245585           
1.142857            3.214286            16.245585           
1.214286            3.214286            16.245585           
1.285714            3.214286            16.245585           
1.357143            3.214286            16.245585           
1.428571            3.214286            16.245585           
1.500000            3.214286            16.245585           
1.571429            3.214286            16.245585           
1.642857            3.214286            16.245585           
1.714286            3.214286            16.245585           
1.785714            3.214286            16.245585           
1.857143            3.214286            16.245585           
1.928571            3.214286            16.245585           
2.000000            3.214286            16.245585           
2.071429            3.214286            16.245585           
2.142857            3.214286            16.245585           
2.214286            3.214286            16.245585           
2.285714            3.214286            16.245585           
2.357143            3.214286            16.245585           
2.428571            3.214286            16.245585           
2.500000            3.214286            16.245585           
2.571429            3.214286            16.245585           
2.642857            3.214286            16.245585           
2.714286            3.214286            16.245585           
2.785714            3.214286            16.245585           
2.857143            3.214286            16.245585           
2.928571            3.214286            16.245585           
3.000000            3.214286            16.245585           
3.071429            3.214286            16.245585           
3.142857            3.214286            16.245585           
3.214286            3.214286            16.245585           
3.285714            3.214286            16.245585           
3.357143            3.214286            16.245585           
3.428571            3.214286            16.245585           
3.500000            3.214286            0.000000            
0.000000            3.142857            200.000000          
0.071429            3.142857            20.323523           
0.142857            3.142857            20.307593           
0.214286            3.142857            20.307593           
0.285714            3.142857            20.307593           
0.357143            3.142857            20.307593           
0.428571            3.142857            20.307593           
0.500000            3.142857            20.307593           
0.571429            3.142857            20.307593           
0.642857            3.142857            20.307593           
0.714286            3.142857            20.307593           
0.785714            3.142857            20.307593           
0.857143            3.142857            20.307593           
0.928571            3.142857            20.307593           
1.000000            3.142857            20.307593           
1.071429            3.142857            20.307593           
1.142857            3.142857            20.307593           
1.214286            3.142857            20.307593           
1.285714            3.142857            20.307593           
1.357143            3.142857            20.307593           
1.428571            3.142857            20.307593           
1.500000            3.142857            20.307593           
1.571429            3.142857            20.307593           
1.642857            3.142857            20.307593           
1.714286            3.142857            20.307593           
1.785714            3.142857            20.307593           
1.857143            3.142857            20.307593           
1.928571            3.142857            20.307593           
2.000000            3.142857            20.307593           
2.071429            3.142857            20.307593           
2.142857            3.142857            20.307593           
2.214286            3.142857            20.307593           
2.285714            3.142857            20.307593           
2.357143            3.142857            20.307593           
2.428571            3.142857            20.307593           
2.500000            3.142857            20.307593           
2.571429            3.142857            20.307593           
2.642857            3.142857            20.307593           
2.714286            3.142857            20.307593           
2.785714            3.142857            20.307593           
2.857143            3.142857            20.307593           
2.928571            3.142857            20.307593           
3.000000            3.142857            20.307593           
3.071429            3.142857            20.307593           
3.142857            3.142857            20.307593           
3.214286            3.142857            20.307593           
3.285714            3.142857            20.307593           
3.357143            3.142857            20.307593           
3.428571            3.142857            20.307593           
3.500000            3.142857            0.000000            
0.000000            3.071429            200.000000          
0.071429            3.071429            24.389012           
0.142857            3.071429            24.370041           
0.214286            3.071429            24.370041           
0.285714            3.071429            24.370041           
0.357143            3.071429            24.370041           
0.428571            3.071429            24.370041           
0.500000            3.071429            24.370041           
0.571429            3.071429            24.370041           
0.642857            3.071429            24.370041           
0.714286            3.071429            24.370041           
0.785714            3.071429            24.370041           
0.857143            3.071429            24.370041           
0.928571            3.071429            24.370041           
1.000000            3.071429            24.370041           
1.071429            3.071429            24.370041           
1.142857            3.071429            24.370041           
1.214286            3.071429            24.370041           
1.285714            3.071429            24.370041           
1.357143            3.071429            24.370041           
1.428571            3.071429            24.370041           
1.500000            3.071429            24.370041           
1.571429            3.071429            24.370041           
1.642857            3.071429            24.370041           
1.714286            3.071429            24.370041           
1.785714            3.071429            24.370041           
1.857143            3.071429            24.370041           
1.928571            3.071429            24.370041           
2.000000            3.071429            24.370041           
2.071429            3.071429            24.370041           
2.142857            3.071429            24.370041           
2.214286            3.071429            24.370041           
2.285714            3.071429            24.370041           
2.357143            3.071429            24.370041           
2.428571            3.071429            24.370041           
2.500000            3.071429            24.370041           
2.571429            3.071429            24.370041           
2.642857            3.071429            24.370041           
2.714286            3.071429            24.370041           
2.785714            3.071429            24.370041           
2.857143            3.071429            24.370041           
2.928571            3.071429            24.370041           
3.000000            3.071429            24.370041           
3.071429            3.071429            24.370041           
3.142857            3.071429            24.370041           
3.214286            3.071429            24.370041           
3.285714            3.071429            24.370041           
3.357143            3.071429            24.370041           
3.428571            3.071429            24.370041           
3.500000            3.071429            0.000000            
0.000000            3.000000            200.000000          
0.071429            3.000000            28.454884           
0.142857            3.000000            28.432950           
0.214286            3.000000            28.432950           
0.285714            3.000000            28.432950           
0.357143            3.000000            28.432950           
0.428571            3.000000            28.432950           
0.500000            3.000000            28.432950           
0.571429            3.000000            28.432950           
0.642857            3.000000            28.432950           
0.714286            3.000000            28.432950           
0.785714            3.000000            28.432950           
0.857143            3.000000            28.432950           
0.928571            3.000000            28.432950           
1.000000            3.000000            28.432950           
1.071429            3.000000            28.432950           
1.142857            3.000000            28.432950           
1.214286            3.000000            28.432950           
1.285714            3.000000            28.432950           
1.357143            3.000000            28.432950           
1.428571            3.000000            28.432950           
1.500000            3.000000            28.432950           
1.571429            3.000000            28.432950           
1.642857            3.000000            28.432950           
1.714286            3.000000            28.432950           
1.785714            3.000000            28.432950           
1.857143            3.000000            28.432950           
1.928571            3.000000            28.432950           
2.000000            3.000000            28.432950           
2.071429            3.000000            28.432950           
2.142857            3.000000            28.432950           
2.214286            3.000000            28.432950           
2.285714            3.000000            28.432950           
2.357143            3.000000            28.432950           
2.428571            3.000000            28.432950           
2.500000            3.000000            28.432950           
2.571429            3.000000            28.432950           
2.642857            3.000000            28.432950           
2.714286            3.000000            28.432950           
2.785714            3.000000            28.432950           
2.857143            3.000000            28.432950           
2.928571            3.000000            28.432950           
3.000000            3.000000            28.432950           
3.071429            3.000000            28.432950           
3.142857            3.000000            28.432950           
3.214286            3.000000            28.432950           
3.285714            3.000000            28.432950           
3.357143            3.000000            28.432950           
3.428571            3.000000            28.432950           
3.500000            3.000000            0.000000            
0.000000            2.928571            200.000000          
0.071429            2.928571            32.521271           
0.142857            2.928571            32.496464           
0.214286            2.928571            32.496464           
0.285714            2.928571            32.496464           
0.357143            2.928571            32.496464           
0.428571            2.928571            32.496464           
0.500000            2.928571            32.496464           
0.571429            2.928571            32.496464           
0.642857            2.928571            32.496464           
0.714286            2.928571            32.496464           
0.785714            2.928571            32.496464           
0.857143            2.928571            32.496464           
0.928571            2.928571            32.496464           
1.000000            2.928571            32.496464           
1.071429            2.928571            32.496464           
1.142857            2.928571            32.496464           
1.214286            2.928571            32.496464           
1.285714            2.928571            32.496464           
1.357143            2.928571            32.496464           
1.428571            2.928571            32.496464           
1.500000            2.928571            32.496464           
1.571429            2.928571            32.496464           
1.642857            2.928571            32.496464           
1.714286            2.928571            32.496464           
1.785714            2.928571            32.496464           
1.857143            2.928571            32.496464           
1.928571            2.928571            32.496464           
2.000000            2.928571            32.496464           
2.071429            2.928571            32.496464           
2.142857            2.928571            32.496464           
2.214286            2.928571            32.496464           
2.285714            2.928571            32.496464           
2.357143            2.928571            32.496464           
2.428571            2.928571            32.496464           
2.500000            2.928571            32.496464           
2.571429            2.928571            32.496464           
2.642857            2.928571            32.496464           
2.714286            2.928571            32.496464           
2.785714            2.928571            32.496464           
2.857143            2.928571            32.496464           
2.928571            2.928571            32.496464           
3.000000            2.928571            32.496464           
3.071429            2.928571            32.496464           
3.142857            2.928571            32.496464           
3.214286            2.928571            32.496464           
3.285714            2.928571            32.496464           
3.357143            2.928571            32.496464           
3.428571            2.928571            32.496464           
3.500000            2.928571            0.000000            
0.000000            2.857143            200.000000          
0.071429            2.857143            36.588159           
0.142857            2.857143            36.560581           
0.214286            2.857143            36.560581           
0.285714            2.857143            36.560581           
0.357143            2.857143            36.560581           
0.428571            2.857143            36.560581           
0.500000            2.857143            36.560581           
0.571429            2.857143            36.560581           
0.642857            2.857143            36.560581           
0.714286            2.857143            36.560581           
0.785714            2.857143            36.560581           
0.857143            2.857143            36.560581           
0.928571            2.857143            36.560581           
1.000000            2.857143            36.560581           
1.071429            2.857143            36.560581           
1.142857            2.857143            36.560581           
1.214286            2.857143            36.560581           
1.285714            2.857143            36.560581           
1.357143            2.857143            36.560581           
1.428571            2.857143            36.560581           
1.500000            2.857143            36.560581           
1.571429            2.857143            36.560581           
1.642857            2.857143            36.560581           
1.714286            2.857143            36.560581           
1.785714            2.857143            36.560581           
1.857143            2.857143            36.560581           
1.928571            2.857143            36.560581           
2.000000            2.857143            36.560581           
2.071429            2.857143            36.560581           
2.142857            2.857143            36.560581           
2.214286            2.857143            36.560581           
2.285714            2.857143            36.560581           
2.357143            2.857143            36.560581           
2.428571            2.857143            36.560581           
2.500000            2.857143            36.560581           
2.571429            2.857143            36.560581           
2.642857            2.857143            36.560581           
2.714286            2.857143            36.560581           
2.785714            2.857143            36.560581           
2.857143            2.857143            36.560581           
2.928571            2.857143            36.560581           
3.000000            2.857143            36.560581           
3.071429            2.857143            36.560581           
3.142857            2.857143            36.560581           
3.214286            2.857143            36.560581           
3.285714            2.857143            36.560581           
3.357143            2.857143            36.560581           
3.428571            2.857143            36.560581           
3.500000            2.857143            0.000000            
0.000000            2.785714            200.000000          
0.071429            2.785714            40.655695           
0.142857            2.785714            40.625458           
0.214286            2.785714            40.625458           
0.285714            2.785714            40.625458           
0.357143            2.785714            40.625458           
0.428571            2.785714            40.625458           
0.500000            2.785714            40.625458           
0.571429            2.785714            40.625458           
0.642857            2.785714            40.625458           
0.714286            2.785714            40.625458           
0.785714            2.785714            40.625458           
0.857143            2.785714            40.625458           
0.928571            2.785714            40.625458           
1.000000            2.785714            40.625458           
1.071429            2.785714            40.625458           
1.142857            2.785714            40.625458           
1.214286            2.785714            40.625458           
1.285714            2.785714            40.625458           
1.357143            2.785714            40.625458           
1.428571            2.785714            40.625458           
1.500000            2.785714            40.625458           
1.571429            2.785714            40.625458           
1.642857            2.785714            40.625458           
1.714286            2.785714            40.625458           
1.785714            2.785714            40.625458           
1.857143            2.785714            40.625458           
1.928571            2.785714            40.625458           
2.000000            2.785714            40.625458           
2.071429            2.785714            40.625458           
2.142857            2.785714            40.625458           
2.214286            2.785714            40.625458           
2.285714            2.785714            40.625458           
2.357143            2.785714            40.625458           
2.428571            2.785714            40.625458           
2.500000            2.785714            40.625458           
2.571429            2.785714            40.625458           
2.642857            2.785714            40.625458           
2.714286            2.785714            40.625458           
2.785714            2.785714            40.625458           
2.857143            2.785714            40.625458           
2.928571            2.785714            40.625458           
3.000000            2.785714            40.625458           
3.071429            2.785714            40.625458           
3.142857            2.785714            40.625458           
3.214286            2.785714            40.625458           
3.285714            2.785714            40.625458           
3.357143            2.785714            40.625458           
3.428571            2.785714            40.625458           
3.500000            2.785714            0.000000            
0.000000            2.714286            200.000000          
0.071429            2.714286            44.723840           
0.142857            2.714286            44.691070           
0.214286            2.714286            44.691070           
0.285714            2.714286            44.691070           
0.357143            2.714286            44.691070           
0.428571            2.714286            44.691070           
0.500000            2.714286            44.691070           
0.571429            2.714286            44.691070           
0.642857            2.714286            44.691070           
0.714286            2.714286            44.691070           
0.785714            2.714286            44.691070           
0.857143            2.714286            44.691070           
0.928571            2.714286            44.691070           
1.000000            2.714286            44.691070           
1.071429            2.714286            44.691070           
1.142857            2.714286            44.691070           
1.214286            2.714286            44.691070           
1.285714            2.714286            44.691070           
1.357143            2.714286            44.691070           
1.428571            2.714286            44.691070           
1.500000            2.714286            44.691070           
1.571429            2.714286            44.691070           
1.642857            2.714286            44.691070           
1.714286            2.714286            44.691070           
1.785714            2.714286            44.691070           
1.857143            2.714286            44.691070           
1.928571            2.714286            44.691070           
2.000000            2.714286            44.691070           
2.071429            2.714286            44.691070           
2.142857            2.714286            44.691070           
2.214286            2.714286            44.691070           
2.285714            2.714286            44.691070           
2.357143            2.714286            44.691070           
2.428571            2.714286            44.691070           
2.500000            2.714286            44.691070           
2.571429            2.714286            44.691070           
2.642857            2.714286            44.691070           
2.714286            2.714286            44.691070           
2.785714            2.714286            44.691070           
2.857143            2.714286            44.691070           
2.928571            2.714286            44.691070           
3.000000            2.714286            44.691070           
3.071429            2.714286            44.691070           
3.142857            2.714286            44.691070           
3.214286            2.714286            44.691070           
3.285714            2.714286            44.691070           
3.357143            2.714286            44.691070           
3.428571            2.714286            44.691070           
3.500000            2.714286            0.000000            
0.000000            2.642857            200.000000          
0.071429            2.642857            48.792756           
0.142857            2.642857            48.757587           
0.214286            2.642857            48.757587           
0.285714            2.642857            48.757587           
0.357143            2.642857            48.757587           
0.428571            2.642857            48.757587           
0.500000            2.642857            48.757587           
0.571429            2.642857            48.757587           
0.642857            2.642857            48.757587           
0.714286            2.642857            48.757587           
0.785714            2.642857            48.757587           
0.857143            2.642857            48.757587           
0.928571            2.642857            48.757587           
1.000000            2.642857            48.757587           
1.071429            2.642857            48.757587           
1.142857            2.642857            48.757587           
1.214286            2.642857            48.757587           
1.285714            2.642857            48.757587           
1.357143            2.642857            48.757587           
1.428571            2.642857            48.757587           
1.500000            2.642857            48.757587           
1.571429            2.642857            48.757587           
1.642857            2.642857            48.757587           
1.714286            2.642857            48.757587           
1.785714            2.642857            48.757587           
1.857143            2.642857            48.757587           
1.928571            2.642857            48.757587           
2.000000            2.642857            48.757587           
2.071429            2.642857            48.757587           
2.142857            2.642857            48.757587           
2.214286            2.642857            48.757587           
2.285714            2.642857            48.757587           
2.357143            2.642857            48.757587           
2.428571            2.642857            48.757587           
2.500000            2.642857            48.757587           
2.571429            2.642857            48.757587           
2.642857            2.642857            48.757587           
2.714286            2.642857            48.757587           
2.785714            2.642857            48.757587           
2.857143            2.642857            48.757587           
2.928571            2.642857            48.757587           
3.000000            2.642857            48.757587           
3.071429            2.642857            48.757587           
3.142857            2.642857            48.757587           
3.214286            2.642857            48.757587           
3.285714            2.642857            48.757587           
3.357143            2.642857            48.757587           
3.428571            2.642857            48.757587           
3.500000            2.642857            0.000000            
0.000000            2.571429            200.000000          
0.071429            2.571429            52.862380           
0.142857            2.571429            52.824957           
0.214286            2.571429            52.824957           
0.285714            2.571429            52.824957           
0.357143            2.571429            52.824957           
0.428571            2.571429            52.824957           
0.500000            2.571429            52.824957           
0.571429            2.571429            52.824957           
0.642857            2.571429            52.824957           
0.714286            2.571429            52.824957           
0.785714            2.571429            52.824957           
0.857143            2.571429            52.824957           
0.928571            2.571429            52.824957           
1.000000            2.571429            52.824957           
1.071429            2.571429            52.824957           
1.142857            2.571429            52.824957           
1.214286            2.571429            52.824957           
1.285714            2.571429            52.824957           
1.357143            2.571429            52.824957           
1.428571            2.571429            52.824957           
1.500000            2.571429            52.824957           
1.571429            2.571429            52.824957           
1.642857            2.571429            52.824957           
1.714286            2.571429            52.824957           
1.785714            2.571429            52.824957           
1.857143            2.571429            52.824957           
1.928571            2.571429            52.824957           
2.000000            2.571429            52.824957           
2.071429            2.571429            52.824957           
2.142857            2.571429            52.824957           
2.214286            2.571429            52.824957           
2.285714            2.571429            52.824957           
2.357143            2.571429            52.824957           
2.428571            2.571429            52.824957           
2.500000            2.571429            52.824957           
2.571429            2.571429            52.824957           
2.642857            2.571429            52.824957           
2.714286            2.571429            52.824957           
2.785714            2.571429            52.824957           
2.857143            2.571429            52.824957           
2.928571            2.571429            52.824957           
3.000000            2.571429            52.824957           
3.071429            2.571429            52.824957           
3.142857            2.571429            52.824957           
3.214286            2.571429            52.824957           
3.285714            2.571429            52.824957           
3.357143            2.571429            52.824957           
3.428571            2.571429            52.824957           
3.500000            2.571429            0.000000            
0.000000            2.500000            200.000000          
0.071429            2.500000            56.932884           
0.142857            2.500000            56.893360           
0.214286            2.500000            56.893360           
0.285714            2.500000            56.893360           
0.357143            2.500000            56.893360           
0.428571            2.500000            56.893360           
0.500000            2.500000            56.893360           
0.571429            2.500000            56.893360           
0.642857            2.500000            56.893360           
0.714286            2.500000            56.893360           
0.785714            2.500000            56.893360           
0.857143            2.500000            56.893360           
0.928571            2.500000            56.893360           
1.000000            2.500000            56.893360           
1.071429            2.500000            56.893360           
1.142857            2.500000            56.893360           
1.214286            2.500000            56.893360           
1.285714            2.500000            56.893360           
1.357143            2.500000            56.893360           
1.428571            2.500000            56.893360           
1.500000            2.500000            56.893360           
1.571429            2.500000            56.893360           
1.642857            2.500000            56.893360           
1.714286            2.500000            56.893360           
1.785714            2.500000            56.893360           
1.857143            2.500000            56.893360           
1.928571            2.500000            56.893360           
2.000000            2.500000            56.893360           
2.071429            2.500000            56.893360           
2.142857            2.500000            56.893360           
2.214286            2.500000            56.893360           
2.285714            2.500000            56.893360           
2.357143            2.500000            56.893360           
2.428571            2.500000            56.893360           
2.500000            2.500000            56.893360           
2.571429            2.500000            56.893360           
2.642857            2.500000            56.893360           
2.714286            2.500000            56.893360           
2.785714            2.500000            56.893360           
2.857143            2.500000            56.893360           
2.928571            2.500000            56.893360           
3.000000            2.500000            56.893360           
3.071429            2.500000            56.893360           
3.142857            2.500000            56.893360           
3.214286            2.500000            56.893360           
3.285714            2.500000            56.893360           
3.357143            2.500000            56.893360           
3.428571            2.500000            56.893360           
3.500000            2.500000            0.000000            
0.000000            2.428571            200.000000          
0.071429            2.428571            61.004186           
0.142857            2.428571            60.962723           
0.214286            2.428571            60.962723           
0.285714            2.428571            60.962723           
0.357143            2.428571            60.962723           
0.428571            2.428571            60.962723           
0.500000            2.428571            60.962723           
0.571429            2.428571            60.962723           
0.642857            2.428571            60.962723           
0.714286            2.428571            60.962723           
0.785714            2.428571            60.962723           
0.857143            2.428571            60.962723           
0.928571            2.428571            60.962723           
1.000000            2.428571            60.962723           
1.071429            2.428571            60.962723           
1.142857            2.428571            60.962723           
1.214286            2.428571            60.962723           
1.285714            2.428571            60.962723           
1.357143            2.428571            60.962723           
1.428571            2.428571            60.962723           
1.500000            2.428571            60.962723           
1.571429            2.428571            60.962723           
1.642857            2.428571            60.962723           
1.714286            2.428571            60.962723           
1.785714            2.428571            60.962723           
1.857143            2.428571            60.962723           
1.928571            2.428571            60.962723           
2.000000            2.428571            60.962723           
2.071429            2.428571            60.962723           
2.142857            2.428571            60.962723           
2.214286            2.428571            60.962723           
2.285714            2.428571            60.962723           
2.357143            2.428571            60.962723           
2.428571            2.428571            60.962723           
2.500000            2.428571            60.962723           
2.571429            2.428571            60.962723           
2.642857            2.428571            60.962723           
2.714286            2.428571            60.962723           
2.785714            2.428571            60.962723           
2.857143            2.428571            60.962723           
2.928571            2.428571            60.962723           
3.000000            2.428571            60.962723           
3.071429            2.428571            60.962723           
3.142857            2.428571            60.962723           
3.214286            2.428571            60.962723           
3.285714            2.428571            60.962723           
3.357143            2.428571            60.962723           
3.428571            2.428571            60.962723           
3.500000            2.428571            0.000000            
0.000000            2.357143            200.000000          
0.071429            2.357143            65.076461           
0.142857            2.357143            65.033230           
0.214286            2.357143            65.033230           
0.285714            2.357143            65.033230           
0.357143            2.357143            65.033230           
0.428571            2.357143            65.033230           
0.500000            2.357143            65.033230           
0.571429            2.357143            65.033230           
0.642857            2.357143            65.033230           
0.714286            2.357143            65.033230           
0.785714            2.357143            65.033230           
0.857143            2.357143            65.033230           
0.928571            2.357143            65.033230           
1.000000            2.357143            65.033230           
1.071429            2.357143            65.033230           
1.142857            2.357143            65.033230           
1.214286            2.357143            65.033230           
1.285714            2.357143            65.033230           
1.357143            2.357143            65.033230           
1.428571            2.357143            65.033230           
1.500000            2.357143            65.033230           
1.571429            2.357143            65.033230           
1.642857            2.357143            65.033230           
1.714286            2.357143            65.033230           
1.785714            2.357143            65.033230           
1.857143            2.357143            65.033230           
1.928571            2.357143            65.033230           
2.000000            2.357143            65.033230           
2.071429            2.357143            65.033230           
2.142857            2.357143            65.033230           
2.214286            2.357143            65.033230           
2.285714            2.357143            65.033230           
2.357143            2.357143            65.033230           
2.428571            2.357143            65.033230           
2.500000            2.357143            65.033230           
2.571429            2.357143            65.033230           
2.642857            2.357143            65.033230           
2.714286            2.357143            65.033230           
2.785714            2.357143            65.033230           
2.857143            2.357143            65.033230           
2.928571            2.357143            65.033230           
3.000000            2.357143            65.033230           
3.071429            2.357143            65.033230           
3.142857            2.357143            65.033230           
3.214286            2.357143            65.033230           
3.285714            2.357143            65.033230           
3.357143            2.357143            65.033230           
3.428571            2.357143            65.033230           
3.500000            2.357143            0.000000            
0.000000            2.285714            200.000000          
0.071429            2.285714            69.149608           
0.142857            2.285714            69.104788           
0.214286            2.285714            69.104788           
0.285714            2.285714            69.104788           
0.357143            2.285714            69.104788           
0.428571            2.285714            69.104788           
0.500000            2.285714            69.104788           
0.571429            2.285714            69.104788           
0.642857            2.285714            69.104788           
0.714286            2.285714            69.104788           
0.785714            2.285714            69.104788           
0.857143            2.285714            69.104788           
0.928571            2.285714            69.104788           
1.000000            2.285714            69.104788           
1.071429            2.285714            69.104788           
1.142857            2.285714            69.104788           
1.214286            2.285714            69.104788           
1.285714            2.285714            69.104788           
1.357143            2.285714            69.104788           
1.428571            2.285714            69.104788           
1.500000            2.285714            69.104788           
1.571429            2.285714            69.104788           
1.642857            2.285714            69.104788           
1.714286            2.285714            69.104788           
1.785714            2.285714            69.104788           
1.857143            2.285714            69.104788           
1.928571            2.285714            69.104788           
2.000000            2.285714            69.104788           
2.071429            2.285714            69.104788           
2.142857            2.285714            69.104788           
2.214286            2.285714            69.104788           
2.285714            2.285714            69.104788           
2.357143            2.285714            69.104788           
2.428571            2.285714            69.104788           
2.500000            2.285714            69.104788           
2.571429            2.285714            69.104788           
2.642857            2.285714            69.104788           
2.714286            2.285714            69.104788           
2.785714            2.285714            69.104788           
2.857143            2.285714            69.104788           
2.928571            2.285714            69.104788           
3.000000            2.285714            69.104788           
3.071429            2.285714            69.104788           
3.142857            2.285714            69.104788           
3.214286            2.285714            69.104788           
3.285714            2.285714            69.104788           
3.357143            2.285714            69.104788           
3.428571            2.285714            69.104788           
3.500000            2.285714            0.000000            
0.000000            2.214286            200.000000          
0.071429            2.214286            73.223808           
0.142857            2.214286            73.177582           
0.214286            2.214286            73.177582           
0.285714            2.214286            73.177582           
0.357143            2.214286            73.177582           
0.428571            2.214286            73.177582           
0.500000            2.214286            73.177582           
0.571429            2.214286            73.177582           
0.642857            2.214286            73.177582           
0.714286            2.214286            73.177582           
0.785714            2.214286            73.177582           
0.857143            2.214286            73.177582           
0.928571            2.214286            73.177582           
1.000000            2.214286            73.177582           
1.071429            2.214286            73.177582           
1.142857            2.214286            73.177582           
1.214286            2.214286            73.177582           
1.285714            2.214286            73.177582           
1.357143            2.214286            73.177582           
1.428571            2.214286            73.177582           
1.500000            2.214286            73.177582           
1.571429            2.214286            73.177582           
1.642857            2.214286            73.177582           
1.714286            2.214286            73.177582           
1.785714            2.214286            73.177582           
1.857143            2.214286            73.177582           
1.928571            2.214286            73.177582           
2.000000            2.214286            73.177582           
2.071429            2.214286            73.177582           
2.142857            2.214286            73.177582           
2.214286            2.214286            73.177582           
2.285714            2.214286            73.177582           
2.357143            2.214286            73.177582           
2.428571            2.214286            73.177582           
2.500000            2.214286            73.177582           
2.571429            2.214286            73.177582           
2.642857            2.214286            73.177582           
2.714286            2.214286            73.177582           
2.785714            2.214286            73.177582           
2.857143            2.214286            73.177582           
2.928571            2.214286            73.177582           
3.000000            2.214286            73.177582           
3.071429            2.214286            73.177582           
3.142857            2.214286            73.177582           
3.214286            2.214286            73.177582           
3.285714            2.214286            73.177582           
3.357143            2.214286            73.177582           
3.428571            2.214286            73.177582           
3.500000            2.214286            0.000000            
0.000000            2.142857            200.000000          
0.071429            2.142857            77.298941           
0.142857            2.142857            77.251498           
0.214286            2.142857            77.251498           
0.285714            2.142857            77.251498           
0.357143            2.142857            77.251498           
0.428571            2.142857            77.251498           
0.500000            2.142857            77.251498           
0.571429            2.142857            77.251498           
0.642857            2.142857            77.251498           
0.714286            2.142857            77.251498           
0.785714            2.142857            77.251498           
0.857143            2.142857            77.251498           
0.928571            2.142857            77.251498           
1.000000            2.142857            77.251498           
1.071429            2.142857            77.251498           
1.142857            2.142857            77.251498           
1.214286            2.142857            77.251498           
1.285714            2.142857            77.251498           
1.357143            2.142857            77.251498           
1.428571            2.142857            77.251498           
1.500000            2.142857            77.251498           
1.571429            2.142857            77.251498           
1.642857            2.142857            77.251498           
1.714286            2.142857            77.251498           
1.785714            2.142857            77.251498           
1.857143            2.142857            77.251498           
1.928571            2.142857            77.251498           
2.000000            2.142857            77.251498           
2.071429            2.142857            77.251498           
2.142857            2.142857            77.251498           
2.214286            2.142857            77.251498           
2.285714            2.142857            77.251498           
2.357143            2.142857            77.251498           
2.428571            2.142857            77.251498           
2.500000            2.142857            77.251498           
2.571429            2.142857            77.251498           
2.642857            2.142857            77.251498           
2.714286            2.142857            77.251498           
2.785714            2.142857            77.251498           
2.857143            2.142857            77.251498           
2.928571            2.142857            77.251498           
3.000000            2.142857            77.251498           
3.071429            2.142857            77.251498           
3.142857            2.142857            77.251498           
3.214286            2.142857            77.251498           
3.285714            2.142857            77.251498           
3.357143            2.142857            77.251498           
3.428571            2.142857            77.251498           
3.500000            2.142857            0.000000            
0.000000            2.071429            200.000000          
0.071429            2.071429            81.375188           
0.142857            2.071429            81.326724           
0.214286            2.071429            81.326724           
0.285714            2.071429            81.326724           
0.357143            2.071429            81.326724           
0.428571            2.071429            81.326724           
0.500000            2.071429            81.326724           
0.571429            2.071429            81.326724           
0.642857            2.071429            81.326724           
0.714286            2.071429            81.326724           
0.785714            2.071429            81.326724           
0.857143            2.071429            81.326724           
0.928571            2.071429            81.326724           
1.000000            2.071429            81.326724           
1.071429            2.071429            81.326724           
1.142857            2.071429            81.326724           
1.214286            2.071429            81.326724           
1.285714            2.071429            81.326724           
1.357143            2.071429            81.326724           
1.428571            2.071429            81.326724           
1.500000            2.071429            81.326724           
1.571429            2.071429            81.326724           
1.642857            2.071429            81.326724           
1.714286            2.071429            81.326724           
1.785714            2.071429            81.326724           
1.857143            2.071429            81.326724           
1.928571            2.071429            81.326724           
2.000000            2.071429            81.326724           
2.071429            2.071429            81.326724           
2.142857            2.071429            81.326724           
2.214286            2.071429            81.326724           
2.285714            2.071429            81.326724           
2.357143            2.071429            81.326724           
2.428571            2.071429            81.326724           
2.500000            2.071429            81.326724           
2.571429            2.071429            81.326724           
2.642857            2.071429            81.326724           
2.714286            2.071429            81.326724           
2.785714            2.071429            81.326724           
2.857143            2.071429            81.326724           
2.928571            2.071429            81.326724           
3.000000            2.071429            81.326724           
3.071429            2.071429            81.326724           
3.142857            2.071429            81.326724           
3.214286            2.071429            81.326724           
3.285714            2.071429            81.326724           
3.357143            2.071429            81.326724           
3.428571            2.071429            81.326724           
3.500000            2.071429            0.000000            
0.000000            2.000000            200.000000          
0.071429            2.000000            85.452413           
0.142857            2.000000            85.403127           
0.214286            2.000000            85.403127           
0.285714            2.000000            85.403127           
0.357143            2.000000            85.403127           
0.428571            2.000000            85.403127           
0.500000            2.000000            85.403127           
0.571429            2.000000            85.403127           
0.642857            2.000000            85.403127           
0.714286            2.000000            85.403127           
0.785714            2.000000            85.403127           
0.857143            2.000000            85.403127           
0.928571            2.000000            85.403127           
1.000000            2.000000            85.403127           
1.071429            2.000000            85.403127           
1.142857            2.000000            85.403127           
1.214286            2.000000            85.403127           
1.285714            2.000000            85.403127           
1.357143            2.000000            85.403127           
1.428571            2.000000            85.403127           
1.500000            2.000000            85.403127           
1.571429            2.000000            85.403127           
1.642857            2.000000            85.403127           
1.714286            2.000000            85.403127           
1.785714            2.000000            85.403127           
1.857143            2.000000            85.403127           
1.928571            2.000000            85.403127           
2.000000            2.000000            85.403127           
2.071429            2.000000            85.403127           
2.142857            2.000000            85.403127           
2.214286            2.000000            85.403127           
2.285714            2.000000            85.403127           
2.357143            2.000000            85.403127           
2.428571            2.000000            85.403127           
2.500000            2.000000            85.403127           
2.571429            2.000000            85.403127           
2.642857            2.000000            85.403127           
2.714286            2.000000            85.403127           
2.785714            2.000000            85.403127           
2.857143            2.000000            85.403127           
2.928571            2.000000            85.403127           
3.000000            2.000000            85.403127           
3.071429            2.000000            85.403127           
3.142857            2.000000            85.403127           
3.214286            2.000000            85.403127           
3.285714            2.000000            85.403127           
3.357143            2.000000            85.403127           
3.428571            2.000000            85.403127           
3.500000            2.000000            0.000000            
0.000000            1.928571            200.000000          
0.071429            1.928571            89.530795           
0.142857            1.928571            89.480890           
0.214286            1.928571            89.480890           
0.285714            1.928571            89.480890           
0.357143            1.928571            89.480890           
0.428571            1.928571            89.480890           
0.500000            1.928571            89.480890           
0.571429            1.928571            89.480890           
0.642857            1.928571            89.480890           
0.714286            1.928571            89.480890           
0.785714            1.928571            89.480890           
0.857143            1.928571            89.480890           
0.928571            1.928571            89.480890           
1.000000            1.928571            89.480890           
1.071429            1.928571            89.480890           
1.142857            1.928571            89.480890           
1.214286            1.928571            89.480890           
1.285714            1.928571            89.480890           
1.357143            1.928571            89.480890           
1.428571            1.928571            89.480890           
1.500000            1.928571            89.480890           
1.571429            1.928571            89.480890           
1.642857            1.928571            89.480890           
1.714286            1.928571            89.480890           
1.785714            1.928571            89.480890           
1.857143            1.928571            89.480890           
1.928571            1.928571            89.480890           
2.000000            1.928571            89.480890           
2.071429            1.928571            89.480890           
2.142857            1.928571            89.480890           
2.214286            1.928571            89.480890           
2.285714            1.928571            89.480890           
2.357143            1.928571            89.480890           
2.428571            1.928571            89.480890           
2.500000            1.928571            89.480890           
2.571429            1.928571            89.480890           
2.642857            1.928571            89.480890           
2.714286            1.928571            89.480890           
2.785714            1.928571            89.480890           
2.857143            1.928571            89.480890           
2.928571            1.928571            89.480890           
3.000000            1.928571            89.480890           
3.071429            1.928571            89.480890           
3.142857            1.928571            89.480890           
3.214286            1.928571            89.480890           
3.285714            1.928571            89.480890           
3.357143            1.928571            89.480890           
3.428571            1.928571            89.480890           
3.500000            1.928571            0.000000            
0.000000            1.857143            200.000000          
0.071429            1.857143            93.610185           
0.142857            1.857143            93.559865           
0.214286            1.857143            93.559865           
0.285714            1.857143            93.559865           
0.357143            1.857143            93.559865           
0.428571            1.857143            93.559865           
0.500000            1.857143            93.559865           
0.571429            1.857143            93.559865           
0.642857            1.857143            93.559865           
0.714286            1.857143            93.559865           
0.785714            1.857143            93.559865           
0.857143            1.857143            93.559865           
0.928571            1.857143            93.559865           
1.000000            1.857143            93.559865           
1.071429            1.857143            93.559865           
1.142857            1.857143            93.559865           
1.214286            1.857143            93.559865           
1.285714            1.857143            93.559865           
1.357143            1.857143            93.559865           
1.428571            1.857143            93.559865           
1.500000            1.857143            93.559865           
1.571429            1.857143            93.559865           
1.642857            1.857143            93.559865           
1.714286            1.857143            93.559865           
1.785714            1.857143            93.559865           
1.857143            1.857143            93.559865           
1.928571            1.857143            93.559865           
2.000000            1.857143            93.559865           
2.071429            1.857143            93.559865           
2.142857            1.857143            93.559865           
2.214286            1.857143            93.559865           
2.285714            1.857143            93.559865           
2.357143            1.857143            93.559865           
2.428571            1.857143            93.559865           
2.500000            1.857143            93.559865           
2.571429            1.857143            93.559865           
2.642857            1.857143            93.559865           
2.714286            1.857143            93.559865           
2.785714            1.857143            93.559865           
2.857143            1.857143            93.559865           
2.928571            1.857143            93.559865           
3.000000            1.857143            93.559865           
3.071429            1.857143            93.559865           
3.142857            1.857143            93.559865           
3.214286            1.857143            93.559865           
3.285714            1.857143            93.559865           
3.357143            1.857143            93.559865           
3.428571            1.857143            93.559865           
3.500000            1.857143            0.000000            
0.000000            1.785714            200.000000          
0.071429            1.785714            97.690756           
0.142857            1.785714            97.640229           
0.214286            1.785714            97.640229           
0.285714            1.785714            97.640229           
0.357143            1.785714            97.640229           
0.428571            1.785714            97.640229           
0.500000            1.785714            97.640229           
0.571429            1.785714            97.640229           
0.642857            1.785714            97.640229           
0.714286            1.785714            97.640229           
0.785714            1.785714            97.640229           
0.857143            1.785714            97.640229           
0.928571            1.785714            97.640229           
1.000000            1.785714            97.640229           
1.071429            1.785714            97.640229           
1.142857            1.785714            97.640229           
1.214286            1.785714            97.640229           
1.285714            1.785714            97.640229           
1.357143            1.785714            97.640229           
1.428571            1.785714            97.640229           
1.500000            1.785714            97.640229           
1.571429            1.785714            97.640229           
1.642857            1.785714            97.640229           
1.714286            1.785714            97.640229           
1.785714            1.785714            97.640229           
1.857143            1.785714            97.640229           
1.928571            1.785714            97.640229           
2.000000            1.785714            97.640229           
2.071429            1.785714            97.640229           
2.142857            1.785714            97.640229           
2.214286            1.785714            97.640229           
2.285714            1.785714            97.640229           
2.357143            1.785714            97.640229           
2.428571            1.785714            97.640229           
2.500000            1.785714            97.640229           
2.571429            1.785714            97.640229           
2.642857            1.785714            97.640229           
2.714286            1.785714            97.640229           
2.785714            1.785714            97.640229           
2.857143            1.785714            97.640229           
2.928571            1.785714            97.640229           
3.000000            1.785714            97.640229           
3.071429            1.785714            97.640229           
3.142857            1.785714            97.640229           
3.214286            1.785714            97.640229           
3.285714            1.785714            97.640229           
3.357143            1.785714            97.640229           
3.428571            1.785714            97.640229           
3.500000            1.785714            0.000000            
0.000000            1.714286            200.000000          
0.071429            1.714286            101.772347          
0.142857            1.714286            101.721820          
0.214286            1.714286            101.721820          
0.285714            1.714286            101.721820          
0.357143            1.714286            101.721820          
0.428571            1.714286            101.721820          
0.500000            1.714286            101.721820          
0.571429            1.714286            101.721820          
0.642857            1.714286            101.721820          
0.714286            1.714286            101.721820          
0.785714            1.714286            101.721820          
0.857143            1.714286            101.721820          
0.928571            1.714286            101.721820          
1.000000            1.714286            101.721820          
1.071429            1.714286            101.721820          
1.142857            1.714286            101.721820          
1.214286            1.714286            101.721820          
1.285714            1.714286            101.721820          
1.357143            1.714286            101.721820          
1.428571            1.714286            101.721820          
1.500000            1.714286            101.721820          
1.571429            1.714286            101.721820          
1.642857            1.714286            101.721820          
1.714286            1.714286            101.721820          
1.785714            1.714286            101.721820          
1.857143            1.714286            101.721820          
1.928571            1.714286            101.721820          
2.000000            1.714286            101.721820          
2.071429            1.714286            101.721820          
2.142857            1.714286            101.721820          
2.214286            1.714286            101.721820          
2.285714            1.714286            101.721820          
2.357143            1.714286            101.721820          
2.428571            1.714286            101.721820          
2.500000            1.714286            101.721820          
2.571429            1.714286            101.721820          
2.642857            1.714286            101.721820          
2.714286            1.714286            101.721820          
2.785714            1.714286            101.721820          
2.857143            1.714286            101.721820          
2.928571            1.714286            101.721820          
3.000000            1.714286            101.721820          
3.071429            1.714286            101.721820          
3.142857            1.714286            101.721820          
3.214286            1.714286            101.721820          
3.285714            1.714286            101.721820          
3.357143            1.714286            101.721820          
3.428571            1.714286            101.721820          
3.500000            1.714286            0.000000            
0.000000            1.642857            200.000000          
0.071429            1.642857            105.855125          
0.142857            1.642857            105.804805          
0.214286            1.642857            105.804805          
0.285714            1.642857            105.804805          
0.357143            1.642857            105.804805          
0.428571            1.642857            105.804805          
0.500000            1.642857            105.804805          
0.571429            1.642857            105.804805          
0.642857            1.642857            105.804805          
0.714286            1.642857            105.804805          
0.785714            1.642857            105.804805          
0.857143            1.642857            105.804805          
0.928571            1.642857            105.804805          
1.000000            1.642857            105.804805          
1.071429            1.642857            105.804805          
1.142857            1.642857            105.804805          
1.214286            1.642857            105.804805          
1.285714            1.642857            105.804805          
1.357143            1.642857            105.804805          
1.428571            1.642857            105.804805          
1.500000            1.642857            105.804805          
1.571429            1.642857            105.804805          
1.642857            1.642857            105.804805          
1.714286            1.642857            105.804805          
1.785714            1.642857            105.804805          
1.857143            1.642857            105.804805          
1.928571            1.642857            105.804805          
2.000000            1.642857            105.804805          
2.071429            1.642857            105.804805          
2.142857            1.642857            105.804805          
2.214286            1.642857            105.804805          
2.285714            1.642857            105.804805          
2.357143            1.642857            105.804805          
2.428571            1.642857            105.804805          
2.500000            1.642857            105.804805          
2.571429            1.642857            105.804805          
2.642857            1.642857            105.804805          
2.714286            1.642857            105.804805          
2.785714            1.642857            105.804805          
2.857143            1.642857            105.804805          
2.928571            1.642857            105.804805          
3.000000            1.642857            105.804805          
3.071429            1.642857            105.804805          
3.142857            1.642857            105.804805          
3.214286            1.642857            105.804805          
3.285714            1.642857            105.804805          
3.357143            1.642857            105.804805          
3.428571            1.642857            105.804805          
3.500000            1.642857            0.000000            
0.000000            1.571429            200.000000          
0.071429            1.571429            109.938917          
0.142857            1.571429            109.889012          
0.214286            1.571429            109.889012          
0.285714            1.571429            109.889012          
0.357143            1.571429            109.889012          
0.428571            1.571429            109.889012          
0.500000            1.571429            109.889012          
0.571429            1.571429            109.889012          
0.642857            1.571429            109.889012          
0.714286            1.571429            109.889012          
0.785714            1.571429            109.889012          
0.857143            1.571429            109.889012          
0.928571            1.571429            109.889012          
1.000000            1.571429            109.889012          
1.071429            1.571429            109.889012          
1.142857            1.571429            109.889012          
1.214286            1.571429            109.889012          
1.285714            1.571429            109.889012          
1.357143            1.571429            109.889012          
1.428571            1.571429            109.889012          
1.500000            1.571429            109.889012          
1.571429            1.571429            109.889012          
1.642857            1.571429            109.889012          
1.714286            1.571429            109.889012          
1.785714            1.571429            109.889012          
1.857143            1.571429            109.889012          
1.928571            1.571429            109.889012          
2.000000            1.571429            109.889012          
2.071429            1.571429            109.889012          
2.142857            1.571429            109.889012          
2.214286            1.571429            109.889012          
2.285714            1.571429            109.889012          
2.357143            1.571429            109.889012          
2.428571            1.571429            109.889012          
2.500000            1.571429            109.889012          
2.571429            1.571429            109.889012          
2.642857            1.571429            109.889012          
2.714286            1.571429            109.889012          
2.785714            1.571429            109.889012          
2.857143            1.571429            109.889012          
2.928571            1.571429            109.889012          
3.000000            1.571429            109.889012          
3.071429            1.571429            109.889012          
3.142857            1.571429            109.889012          
3.214286            1.571429            109.889012          
3.285714            1.571429            109.889012          
3.357143            1.571429            109.889012          
3.428571            1.571429            109.889012          
3.500000            1.571429            0.000000            
0.000000            1.500000            200.000000          
0.071429            1.500000            114.023882          
0.142857            1.500000            113.974597          
0.214286            1.500000            113.974597          
0.285714            1.500000            113.974597          
0.357143            1.500000            113.974597          
0.428571            1.500000            113.974597          
0.500000            1.500000            113.974597          
0.571429            1.500000            113.974597          
0.642857            1.500000            113.974597          
0.714286            1.500000            113.974597          
0.785714            1.500000            113.974597          
0.857143            1.500000            113.974597          
0.928571            1.500000            113.974597          
1.000000            1.500000            113.974597          
1.071429            1.500000            113.974597          
1.142857            1.500000            113.974597          
1.214286            1.500000            113.974597          
1.285714            1.500000            113.974597          
1.357143            1.500000            113.974597          
1.428571            1.500000            113.974597          
1.500000            1.500000            113.974597          
1.571429            1.500000            113.974597          
1.642857            1.500000            113.974597          
1.714286            1.500000            113.974597          
1.785714            1.500000            113.974597          
1.857143            1.500000            113.974597          
1.928571            1.500000            113.974597          
2.000000            1.500000            113.974597          
2.071429            1.500000            113.974597          
2.142857            1.500000            113.974597          
2.214286            1.500000            113.974597          
2.285714            1.500000            113.974597          
2.357143            1.500000            113.974597          
2.428571            1.500000            113.974597          
2.500000            1.500000            113.974597          
2.571429            1.500000            113.974597          
2.642857            1.500000            113.974597          
2.714286            1.500000            113.974597          
2.785714            1.500000            113.974597          
2.857143            1.500000            113.974597          
2.928571            1.500000            113.974597          
3.000000            1.500000            113.974597          
3.071429            1.500000            113.974597          
3.142857            1.500000            113.974597          
3.214286            1.500000            113.974597          
3.285714            1.500000            113.974597          
3.357143            1.500000            113.974597          
3.428571            1.500000            113.974597          
3.500000            1.500000            0.000000            
0.000000            1.428571            200.000000          
0.071429            1.428571            118.109842          
0.142857            1.428571            118.061378          
0.214286            1.428571            118.061378          
0.285714            1.428571            118.061378          
0.357143            1.428571            118.061378          
0.428571            1.428571            118.061378          
0.500000            1.428571            118.061378          
0.571429            1.428571            118.061378          
0.642857            1.428571            118.061378          
0.714286            1.428571            118.061378          
0.785714            1.428571            118.061378          
0.857143            1.428571            118.061378          
0.928571            1.428571            118.061378          
1.000000            1.428571            118.061378          
1.071429            1.428571            118.061378          
1.142857            1.428571            118.061378          
1.214286            1.428571            118.061378          
1.285714            1.428571            118.061378          
1.357143            1.428571            118.061378          
1.428571            1.428571            118.061378          
1.500000            1.428571            118.061378          
1.571429            1.428571            118.061378          
1.642857            1.428571            118.061378          
1.714286            1.428571            118.061378          
1.785714            1.428571            118.061378          
1.857143            1.428571            118.061378          
1.928571            1.428571            118.061378          
2.000000            1.428571            118.061378          
2.071429            1.428571            118.061378          
2.142857            1.428571            118.061378          
2.214286            1.428571            118.061378          
2.285714            1.428571            118.061378          
2.357143            1.428571            118.061378          
2.428571            1.428571            118.061378          
2.500000            1.428571            118.061378          
2.571429            1.428571            118.061378          
2.642857            1.428571            118.061378          
2.714286            1.428571            118.061378          
2.785714            1.428571            118.061378          
2.857143            1.428571            118.061378          
2.928571            1.428571            118.061378          
3.000000            1.428571            118.061378          
3.071429            1.428571            118.061378          
3.142857            1.428571            118.061378          
3.214286            1.428571            118.061378          
3.285714            1.428571            118.061378          
3.357143            1.428571            118.061378          
3.428571            1.428571            118.061378          
3.500000            1.428571            0.000000            
0.000000            1.357143            200.000000          
0.071429            1.357143            122.196939          
0.142857            1.357143            122.149497          
0.214286            1.357143            122.149497          
0.285714            1.357143            122.149497          
0.357143            1.357143            122.149497          
0.428571            1.357143            122.149497          
0.500000            1.357143            122.149497          
0.571429            1.357143            122.149497          
0.642857            1.357143            122.149497          
0.714286            1.357143            122.149497          
0.785714            1.357143            122.149497          
0.857143            1.357143            122.149497          
0.928571            1.357143            122.149497          
1.000000            1.357143            122.149497          
1.071429            1.357143            122.149497          
1.142857            1.357143            122.149497          
1.214286            1.357143            122.149497          
1.285714            1.357143            122.149497          
1.357143            1.357143            122.149497          
1.428571            1.357143            122.149497          
1.500000            1.357143            122.149497          
1.571429            1.357143            122.149497          
1.642857            1.357143            122.149497          
1.714286            1.357143            122.149497          
1.785714            1.357143            122.149497          
1.857143            1.357143            122.149497          
1.928571            1.357143            122.149497          
2.000000            1.357143            122.149497          
2.071429            1.357143            122.149497          
2.142857            1.357143            122.149497          
2.214286            1.357143            122.149497          
2.285714            1.357143            122.149497          
2.357143            1.357143            122.149497          
2.428571            1.357143            122.149497          
2.500000            1.357143            122.149497          
2.571429            1.357143            122.149497          
2.642857            1.357143            122.149497          
2.714286            1.357143            122.149497          
2.785714            1.357143            122.149497          
2.857143            1.357143            122.149497          
2.928571            1.357143            122.149497          
3.000000            1.357143            122.149497          
3.071429            1.357143            122.149497          
3.142857            1.357143            122.149497          
3.214286            1.357143            122.149497          
3.285714            1.357143            122.149497          
3.357143            1.357143            122.149497          
3.428571            1.357143            122.149497          
3.500000            1.357143            0.000000            
0.000000            1.285714            200.000000          
0.071429            1.285714            126.284994          
0.142857            1.285714            126.238768          
0.214286            1.285714            126.238768          
0.285714            1.285714            126.238768          
0.357143            1.285714            126.238768          
0.428571            1.285714            126.238768          
0.500000            1.285714            126.238768          
0.571429            1.285714            126.238768          
0.642857            1.285714            126.238768          
0.714286            1.285714            126.238768          
0.785714            1.285714            126.238768          
0.857143            1.285714            126.238768          
0.928571            1.285714            126.238768          
1.000000            1.285714            126.238768          
1.071429            1.285714            126.238768          
1.142857            1.285714            126.238768          
1.214286            1.285714            126.238768          
1.285714            1.285714            126.238768          
1.357143            1.285714            126.238768          
1.428571            1.285714            126.238768          
1.500000            1.285714            126.238768          
1.571429            1.285714            126.238768          
1.642857            1.285714            126.238768          
1.714286            1.285714            126.238768          
1.785714            1.285714            126.238768          
1.857143            1.285714            126.238768          
1.928571            1.285714            126.238768          
2.000000            1.285714            126.238768          
2.071429            1.285714            126.238768          
2.142857            1.285714            126.238768          
2.214286            1.285714            126.238768          
2.285714            1.285714            126.238768          
2.357143            1.285714            126.238768          
2.428571            1.285714            126.238768          
2.500000            1.285714            126.238768          
2.571429            1.285714            126.238768          
2.642857            1.285714            126.238768          
2.714286            1.285714            126.238768          
2.785714            1.285714            126.238768          
2.857143            1.285714            126.238768          
2.928571            1.285714            126.238768          
3.000000            1.285714            126.238768          
3.071429            1.285714            126.238768          
3.142857            1.285714            126.238768          
3.214286            1.285714            126.238768          
3.285714            1.285714            126.238768          
3.357143            1.285714            126.238768          
3.428571            1.285714            126.238768          
3.500000            1.285714            0.000000            
0.000000            1.214286            200.000000          
0.071429            1.214286            130.374135          
0.142857            1.214286            130.329314          
0.214286            1.214286            130.329314          
0.285714            1.214286            130.329314          
0.357143            1.214286            130.329314          
0.428571            1.214286            130.329314          
0.500000            1.214286            130.329314          
0.571429            1.214286            130.329314          
0.642857            1.214286            130.329314          
0.714286            1.214286            130.329314          
0.785714            1.214286            130.329314          
0.857143            1.214286            130.329314          
0.928571            1.214286            130.329314          
1.000000            1.214286            130.329314          
1.071429            1.214286            130.329314          
1.142857            1.214286            130.329314          
1.214286            1.214286            130.329314          
1.285714            1.214286            130.329314          
1.357143            1.214286            130.329314          
1.428571            1.214286            130.329314          
1.500000            1.214286            130.329314          
1.571429            1.214286            130.329314          
1.642857            1.214286            130.329314          
1.714286            1.214286            130.329314          
1.785714            1.214286            130.329314          
1.857143            1.214286            130.329314          
1.928571            1.214286            130.329314          
2.000000            1.214286            130.329314          
2.071429            1.214286            130.329314          
2.142857            1.214286            130.329314          
2.214286            1.214286            130.329314          
2.285714            1.214286            130.329314          
2.357143            1.214286            130.329314          
2.428571            1.214286            130.329314          
2.500000            1.214286            130.329314          
2.571429            1.214286            130.329314          
2.642857            1.214286            130.329314          
2.714286            1.214286            130.329314          
2.785714            1.214286            130.329314          
2.857143            1.214286            130.329314          
2.928571            1.214286            130.329314          
3.000000            1.214286            130.329314          
3.071429            1.214286            130.329314          
3.142857            1.214286            130.329314          
3.214286            1.214286            130.329314          
3.285714            1.214286            130.329314          
3.357143            1.214286            130.329314          
3.428571            1.214286            130.329314          
3.500000            1.214286            0.000000            
0.000000            1.142857            200.000000          
0.071429            1.142857            134.464180          
0.142857            1.142857            134.420950          
0.214286            1.142857            134.420950          
0.285714            1.142857            134.420950          
0.357143            1.142857            134.420950          
0.428571            1.142857            134.420950          
0.500000            1.142857            134.420950          
0.571429            1.142857            134.420950          
0.642857            1.142857            134.420950          
0.714286            1.142857            134.420950          
0.785714            1.142857            134.420950          
0.857143            1.142857            134.420950          
0.928571            1.142857            134.420950          
1.000000            1.142857            134.420950          
1.071429            1.142857            134.420950          
1.142857            1.142857            134.420950          
1.214286            1.142857            134.420950          
1.285714            1.142857            134.420950          
1.357143            1.142857            134.420950          
1.428571            1.142857            134.420950          
1.500000            1.142857            134.420950          
1.571429            1.142857            134.420950          
1.642857            1.142857            134.420950          
1.714286            1.142857            134.420950          
1.785714            1.142857            134.420950          
1.857143            1.142857            134.420950          
1.928571            1.142857            134.420950          
2.000000            1.142857            134.420950          
2.071429            1.142857            134.420950          
2.142857            1.142857            134.420950          
2.214286            1.142857            134.420950          
2.285714            1.142857            134.420950          
2.357143            1.142857            134.420950          
2.428571            1.142857            134.420950          
2.500000            1.142857            134.420950          
2.571429            1.142857            134.420950          
2.642857            1.142857            134.420950          
2.714286            1.142857            134.420950          
2.785714            1.142857            134.420950          
2.857143            1.142857            134.420950          
2.928571            1.142857            134.420950          
3.000000            1.142857            134.420950          
3.071429            1.142857            134.420950          
3.142857            1.142857            134.420950          
3.214286            1.142857            134.420950          
3.285714            1.142857            134.420950          
3.357143            1.142857            134.420950          
3.428571            1.142857            134.420950          
3.500000            1.142857            0.000000            
0.000000            1.071429            200.000000          
0.071429            1.071429            138.555240          
0.142857            1.071429            138.513778          
0.214286            1.071429            138.513778          
0.285714            1.071429            138.513778          
0.357143            1.071429            138.513778          
0.428571            1.071429            138.513778          
0.500000            1.071429            138.513778          
0.571429            1.071429            138.513778          
0.642857            1.071429            138.513778          
0.714286            1.071429            138.513778          
0.785714            1.071429            138.513778          
0.857143            1.071429            138.513778          
0.928571            1.071429            138.513778          
1.000000            1.071429            138.513778          
1.071429            1.071429            138.513778          
1.142857            1.071429            138.513778          
1.214286            1.071429            138.513778          
1.285714            1.071429            138.513778          
1.357143            1.071429            138.513778          
1.428571            1.071429            138.513778          
1.500000            1.071429            138.513778          
1.571429            1.071429            138.513778          
1.642857            1.071429            138.513778          
1.714286            1.071429            138.513778          
1.785714            1.071429            138.513778          
1.857143            1.071429            138.513778          
1.928571            1.071429            138.513778          
2.000000            1.071429            138.513778          
2.071429            1.071429            138.513778          
2.142857            1.071429            138.513778          
2.214286            1.071429            138.513778          
2.285714            1.071429            138.513778          
2.357143            1.071429            138.513778          
2.428571            1.071429            138.513778          
2.500000            1.071429            138.513778          
2.571429            1.071429            138.513778          
2.642857            1.071429            138.513778          
2.714286            1.071429            138.513778          
2.785714            1.071429            138.513778          
2.857143            1.071429            138.513778          
2.928571            1.071429            138.513778          
3.000000            1.071429            138.513778          
3.071429            1.071429            138.513778          
3.142857            1.071429            138.513778          
3.214286            1.071429            138.513778          
3.285714            1.071429            138.513778          
3.357143            1.071429            138.513778          
3.428571            1.071429            138.513778          
3.500000            1.071429            0.000000            
0.000000            1.000000            200.000000          
0.071429            1.000000            142.647137          
0.142857            1.000000            142.607613          
0.214286            1.000000            142.607613          
0.285714            1.000000            142.607613          
0.357143            1.000000            142.607613          
0.428571            1.000000            142.607613          
0.500000            1.000000            142.607613          
0.571429            1.000000            142.607613          
0.642857            1.000000            142.607613          
0.714286            1.000000            142.607613          
0.785714            1.000000            142.607613          
0.857143            1.000000            142.607613          
0.928571            1.000000            142.607613          
1.000000            1.000000            142.607613          
1.071429            1.000000            142.607613          
1.142857            1.000000            142.607613          
1.214286            1.000000            142.607613          
1.285714            1.000000            142.607613          
1.357143            1.000000            142.607613          
1.428571            1.000000            142.607613          
1.500000            1.000000            142.607613          
1.571429            1.000000            142.607613          
1.642857            1.000000            142.607613          
1.714286            1.000000            142.607613          
1.785714            1.000000            142.607613          
1.857143            1.000000            142.607613          
1.928571            1.000000            142.607613          
2.000000            1.000000            142.607613          
2.071429            1.000000            142.607613          
2.142857            1.000000            142.607613          
2.214286            1.000000            142.607613          
2.285714            1.000000            142.607613          
2.357143            1.000000            142.607613          
2.428571            1.000000            142.607613          
2.500000            1.000000            142.607613          
2.571429            1.000000            142.607613          
2.642857            1.000000            142.607613          
2.714286            1.000000            142.607613          
2.785714            1.000000            142.607613          
2.857143            1.000000            142.607613          
2.928571            1.000000            142.607613          
3.000000            1.000000            142.607613          
3.071429            1.000000            142.607613          
3.142857            1.000000            142.607613          
3.214286            1.000000            142.607613          
3.285714            1.000000            142.607613          
3.357143            1.000000            142.607613          
3.428571            1.000000            142.607613          
3.500000            1.000000            0.000000            
0.000000            0.928571            200.000000          
0.071429            0.928571            146.739962          
0.142857            0.928571            146.702539          
0.214286            0.928571            146.702539          
0.285714            0.928571            146.702539          
0.357143            0.928571            146.702539          
0.428571            0.928571            146.702539          
0.500000            0.928571            146.702539          
0.571429            0.928571            146.702539          
0.642857            0.928571            146.702539          
0.714286            0.928571            146.702539          
0.785714            0.928571            146.702539          
0.857143            0.928571            146.702539          
0.928571            0.928571            146.702539          
1.000000            0.928571            146.702539          
1.071429            0.928571            146.702539          
1.142857            0.928571            146.702539          
1.214286            0.928571            146.702539          
1.285714            0.928571            146.702539          
1.357143            0.928571            146.702539          
1.428571            0.928571            146.702539          
1.500000            0.928571            146.702539          
1.571429            0.928571            146.702539          
1.642857            0.928571            146.702539          
1.714286            0.928571            146.702539          
1.785714            0.928571            146.702539          
1.857143            0.928571            146.702539          
1.928571            0.928571            146.702539          
2.000000            0.928571            146.702539          
2.071429            0.928571            146.702539          
2.142857            0.928571            146.702539          
2.214286            0.928571            146.702539          
2.285714            0.928571            146.702539          
2.357143            0.928571            146.702539          
2.428571            0.928571            146.702539          
2.500000            0.928571            146.702539          
2.571429            0.928571            146.702539          
2.642857            0.928571            146.702539          
2.714286            0.928571            146.702539          
2.785714            0.928571            146.702539          
2.857143            0.928571            146.702539          
2.928571            0.928571            146.702539          
3.000000            0.928571            146.702539          
3.071429            0.928571            146.702539          
3.142857            0.928571            146.702539          
3.214286            0.928571            146.702539          
3.285714            0.928571            146.702539          
3.357143            0.928571            146.702539          
3.428571            0.928571            146.702539          
3.500000            0.928571            0.000000            
0.000000            0.857143            200.000000          
0.071429            0.857143            150.833543          
0.142857            0.857143            150.798374          
0.214286            0.857143            150.798374          
0.285714            0.857143            150.798374          
0.357143            0.857143            150.798374          
0.428571            0.857143            150.798374          
0.500000            0.857143            150.798374          
0.571429            0.857143            150.798374          
0.642857            0.857143            150.798374          
0.714286            0.857143            150.798374          
0.785714            0.857143            150.798374          
0.857143            0.857143            150.798374          
0.928571            0.857143            150.798374          
1.000000            0.857143            150.798374          
1.071429            0.857143            150.798374          
1.142857            0.857143            150.798374          
1.214286            0.857143            150.798374          
1.285714            0.857143            150.798374          
1.357143            0.857143            150.798374          
1.428571            0.857143            150.798374          
1.500000            0.857143            150.798374          
1.571429            0.857143            150.798374          
1.642857            0.857143            150.798374          
1.714286            0.857143            150.798374          
1.785714            0.857143            150.798374          
1.857143            0.857143            150.798374          
1.928571            0.857143            150.798374          
2.000000            0.857143            150.798374          
2.071429            0.857143            150.798374          
2.142857            0.857143            150.798374          
2.214286            0.857143            150.798374          
2.285714            0.857143            150.798374          
2.357143            0.857143            150.798374          
2.428571            0.857143            150.798374          
2.500000            0.857143            150.798374          
2.571429            0.857143            150.798374          
2.642857            0.857143            150.798374          
2.714286            0.857143            150.798374          
2.785714            0.857143            150.798374          
2.857143            0.857143            150.798374          
2.928571            0.857143            150.798374          
3.000000            0.857143            150.798374          
3.071429            0.857143            150.798374          
3.142857            0.857143            150.798374          
3.214286            0.857143            150.798374          
3.285714            0.857143            150.798374          
3.357143            0.857143            150.798374          
3.428571            0.857143            150.798374          
3.500000            0.857143            0.000000            
0.000000            0.785714            200.000000          
0.071429            0.785714            154.927949          
0.142857            0.785714            154.895179          
0.214286            0.785714            154.895179          
0.285714            0.785714            154.895179          
0.357143            0.785714            154.895179          
0.428571            0.785714            154.895179          
0.500000            0.785714            154.895179          
0.571429            0.785714            154.895179          
0.642857            0.785714            154.895179          
0.714286            0.785714            154.895179          
0.785714            0.785714            154.895179          
0.857143            0.785714            154.895179          
0.928571            0.785714            154.895179          
1.000000            0.785714            154.895179          
1.071429            0.785714            154.895179          
1.142857            0.785714            154.895179          
1.214286            0.785714            154.895179          
1.285714            0.785714            154.895179          
1.357143            0.785714            154.895179          
1.428571            0.785714            154.895179          
1.500000            0.785714            154.895179          
1.571429            0.785714            154.895179          
1.642857            0.785714            154.895179          
1.714286            0.785714            154.895179          
1.785714            0.785714            154.895179          
1.857143            0.785714            154.895179          
1.928571            0.785714            154.895179          
2.000000            0.785714            154.895179          
2.071429            0.785714            154.895179          
2.142857            0.785714            154.895179          
2.214286            0.785714            154.895179          
2.285714            0.785714            154.895179          
2.357143            0.785714            154.895179          
2.428571            0.785714            154.895179          
2.500000            0.785714            154.895179          
2.571429            0.785714            154.895179          
2.642857            0.785714            154.895179          
2.714286            0.785714            154.895179          
2.785714            0.785714            154.895179          
2.857143            0.785714            154.895179          
2.928571            0.785714            154.895179          
3.000000            0.785714            154.895179          
3.071429            0.785714            154.895179          
3.142857            0.785714            154.895179          
3.214286            0.785714            154.895179          
3.285714            0.785714            154.895179          
3.357143            0.785714            154.895179          
3.428571            0.785714            154.895179          
3.500000            0.785714            0.000000            
0.000000            0.714286            200.000000          
0.071429            0.714286            159.023017          
0.142857            0.714286            158.992780          
0.214286            0.714286            158.992780          
0.285714            0.714286            158.992780          
0.357143            0.714286            158.992780          
0.428571            0.714286            158.992780          
0.500000            0.714286            158.992780          
0.571429            0.714286            158.992780          
0.642857            0.714286            158.992780          
0.714286            0.714286            158.992780          
0.785714            0.714286            158.992780          
0.857143            0.714286            158.992780          
0.928571            0.714286            158.992780          
1.000000            0.714286            158.992780          
1.071429            0.714286            158.992780          
1.142857            0.714286            158.992780          
1.214286            0.714286            158.992780          
1.285714            0.714286            158.992780          
1.357143            0.714286            158.992780          
1.428571            0.714286            158.992780          
1.500000            0.714286            158.992780          
1.571429            0.714286            158.992780          
1.642857            0.714286            158.992780          
1.714286            0.714286            158.992780          
1.785714            0.714286            158.992780          
1.857143            0.714286            158.992780          
1.928571            0.714286            158.992780          
2.000000            0.714286            158.992780          
2.071429            0.714286            158.992780          
2.142857            0.714286            158.992780          
2.214286            0.714286            158.992780          
2.285714            0.714286            158.992780          
2.357143            0.714286            158.992780          
2.428571            0.714286            158.992780          
2.500000            0.714286            158.992780          
2.571429            0.714286            158.992780          
2.642857            0.714286            158.992780          
2.714286            0.714286            158.992780          
2.785714            0.714286            158.992780          
2.857143            0.714286            158.992780          
2.928571            0.714286            158.992780          
3.000000            0.714286            158.992780          
3.071429            0.714286            158.992780          
3.142857            0.714286            158.992780          
3.214286            0.714286            158.992780          
3.285714            0.714286            158.992780          
3.357143            0.714286            158.992780          
3.428571            0.714286            158.992780          
3.500000            0.714286            0.000000            
0.000000            0.642857            200.000000          
0.071429            0.642857            163.118794          
0.142857            0.642857            163.091216          
0.214286            0.642857            163.091216          
0.285714            0.642857            163.091216          
0.357143            0.642857            163.091216          
0.428571            0.642857            163.091216          
0.500000            0.642857            163.091216          
0.571429            0.642857            163.091216          
0.642857            0.642857            163.091216          
0.714286            0.642857            163.091216          
0.785714            0.642857            163.091216          
0.857143            0.642857            163.091216          
0.928571            0.642857            163.091216          
1.000000            0.642857            163.091216          
1.071429            0.642857            163.091216          
1.142857            0.642857            163.091216          
1.214286            0.642857            163.091216          
1.285714            0.642857            163.091216          
1.357143            0.642857            163.091216          
1.428571            0.642857            163.091216          
1.500000            0.642857            163.091216          
1.571429            0.642857            163.091216          
1.642857            0.642857            163.091216          
1.714286            0.642857            163.091216          
1.785714            0.642857            163.091216          
1.857143            0.642857            163.091216          
1.928571            0.642857            163.091216          
2.000000            0.642857            163.091216          
2.071429            0.642857            163.091216          
2.142857            0.642857            163.091216          
2.214286            0.642857            163.091216          
2.285714            0.642857            163.091216          
2.357143            0.642857            163.091216          
2.428571            0.642857            163.091216          
2.500000            0.642857            163.091216          
2.571429            0.642857            163.091216          
2.642857            0.642857            163.091216          
2.714286            0.642857            163.091216          
2.785714            0.642857            163.091216          
2.857143            0.642857            163.091216          
2.928571            0.642857            163.091216          
3.000000            0.642857            163.091216          
3.071429            0.642857            163.091216          
3.142857            0.642857            163.091216          
3.214286            0.642857            163.091216          
3.285714            0.642857            163.091216          
3.357143            0.642857            163.091216          
3.428571            0.642857            163.091216          
3.500000            0.642857            0.000000            
0.000000            0.571429            200.000000          
0.071429            0.571429            167.215128          
0.142857            0.571429            167.190321          
0.214286            0.571429            167.190321          
0.285714            0.571429            167.190321          
0.357143            0.571429            167.190321          
0.428571            0.571429            167.190321          
0.500000            0.571429            167.190321          
0.571429            0.571429            167.190321          
0.642857            0.571429            167.190321          
0.714286            0.571429            167.190321          
0.785714            0.571429            167.190321          
0.857143            0.571429            167.190321          
0.928571            0.571429            167.190321          
1.000000            0.571429            167.190321          
1.071429            0.571429            167.190321          
1.142857            0.571429            167.190321          
1.214286            0.571429            167.190321          
1.285714            0.571429            167.190321          
1.357143            0.571429            167.190321          
1.428571            0.571429            167.190321          
1.500000            0.571429            167.190321          
1.571429            0.571429            167.190321          
1.642857            0.571429            167.190321          
1.714286            0.571429            167.190321          
1.785714            0.571429            167.190321          
1.857143            0.571429            167.190321          
1.928571            0.571429            167.190321          
2.000000            0.571429            167.190321          
2.071429            0.571429            167.190321          
2.142857            0.571429            167.190321          
2.214286            0.571429            167.190321          
2.285714            0.571429            167.190321          
2.357143            0.571429            167.190321          
2.428571            0.571429            167.190321          
2.500000            0.571429            167.190321          
2.571429            0.571429            167.190321          
2.642857            0.571429            167.190321          
2.714286            0.571429            167.190321          
2.785714            0.571429            167.190321          
2.857143            0.571429            167.190321          
2.928571            0.571429            167.190321          
3.000000            0.571429            167.190321          
3.071429            0.571429            167.190321          
3.142857            0.571429            167.190321          
3.214286            0.571429            167.190321          
3.285714            0.571429            167.190321          
3.357143            0.571429            167.190321          
3.428571            0.571429            167.190321          
3.500000            0.571429            0.000000            
0.000000            0.500000            200.000000          
0.071429            0.500000            171.312045          
0.142857            0.500000            171.290111          
0.214286            0.500000            171.290111          
0.285714            0.500000            171.290111          
0.357143            0.500000            171.290111          
0.428571            0.500000            171.290111          
0.500000            0.500000            171.290111          
0.571429            0.500000            171.290111          
0.642857            0.500000            171.290111          
0.714286            0.500000            171.290111          
0.785714            0.500000            171.290111          
0.857143            0.500000            171.290111          
0.928571            0.500000            171.290111          
1.000000            0.500000            171.290111          
1.071429            0.500000            171.290111          
1.142857            0.500000            171.290111          
1.214286            0.500000            171.290111          
1.285714            0.500000            171.290111          
1.357143            0.500000            171.290111          
1.428571            0.500000            171.290111          
1.500000            0.500000            171.290111          
1.571429            0.500000            171.290111          
1.642857            0.500000            171.290111          
1.714286            0.500000            171.290111          
1.785714            0.500000            171.290111          
1.857143            0.500000            171.290111          
1.928571            0.500000            171.290111          
2.000000            0.500000            171.290111          
2.071429            0.500000            171.290111          
2.142857            0.500000            171.290111          
2.214286            0.500000            171.290111          
2.285714            0.500000            171.290111          
2.357143            0.500000            171.290111          
2.428571            0.500000            171.290111          
2.500000            0.500000            171.290111          
2.571429            0.500000            171.290111          
2.642857            0.500000            171.290111          
2.714286            0.500000            171.290111          
2.785714            0.500000            171.290111          
2.857143            0.500000            171.290111          
2.928571            0.500000            171.290111          
3.000000            0.500000            171.290111          
3.071429            0.500000            171.290111          
3.142857            0.500000            171.290111          
3.214286            0.500000            171.290111          
3.285714            0.500000            171.290111          
3.357143            0.500000            171.290111          
3.428571            0.500000            171.290111          
3.500000            0.500000            0.000000            
0.000000            0.428571            200.000000          
0.071429            0.428571            175.409405          
0.142857            0.428571            175.390434          
0.214286            0.428571            175.390434          
0.285714            0.428571            175.390434          
0.357143            0.428571            175.390434          
0.428571            0.428571            175.390434          
0.500000            0.428571            175.390434          
0.571429            0.428571            175.390434          
0.642857            0.428571            175.390434          
0.714286            0.428571            175.390434          
0.785714            0.428571            175.390434          
0.857143            0.428571            175.390434          
0.928571            0.428571            175.390434          
1.000000            0.428571            175.390434          
1.071429            0.428571            175.390434          
1.142857            0.428571            175.390434          
1.214286            0.428571            175.390434          
1.285714            0.428571            175.390434          
1.357143            0.428571            175.390434          
1.428571            0.428571            175.390434          
1.500000            0.428571            175.390434          
1.571429            0.428571            175.390434          
1.642857            0.428571            175.390434          
1.714286            0.428571            175.390434          
1.785714            0.428571            175.390434          
1.857143            0.428571            175.390434          
1.928571            0.428571            175.390434          
2.000000            0.428571            175.390434          
2.071429            0.428571            175.390434          
2.142857            0.428571            175.390434          
2.214286            0.428571            175.390434          
2.285714            0.428571            175.390434          
2.357143            0.428571            175.390434          
2.428571            0.428571            175.390434          
2.500000            0.428571            175.390434          
2.571429            0.428571            175.390434          
2.642857            0.428571            175.390434          
2.714286            0.428571            175.390434          
2.785714            0.428571            175.390434          
2.857143            0.428571            175.390434          
2.928571            0.428571            175.390434          
3.000000            0.428571            175.390434          
3.071429            0.428571            175.390434          
3.142857            0.428571            175.390434          
3.214286            0.428571            175.390434          
3.285714            0.428571            175.390434          
3.357143            0.428571            175.390434          
3.428571            0.428571            175.390434          
3.500000            0.428571            0.000000            
0.000000            0.357143            200.000000          
0.071429            0.357143            179.507210          
0.142857            0.357143            179.491280          
0.214286            0.357143            179.491280          
0.285714            0.357143            179.491280          
0.357143            0.357143            179.491280          
0.428571            0.357143            179.491280          
0.500000            0.357143            179.491280          
0.571429            0.357143            179.491280          
0.642857            0.357143            179.491280          
0.714286            0.357143            179.491280          
0.785714            0.357143            179.491280          
0.857143            0.357143            179.491280          
0.928571            0.357143            179.491280          
1.000000            0.357143            179.491280          
1.071429            0.357143            179.491280          
1.142857            0.357143            179.491280          
1.214286            0.357143            179.491280          
1.285714            0.357143            179.491280          
1.357143            0.357143            179.491280          
1.428571            0.357143            179.491280          
1.500000            0.357143            179.491280          
1.571429            0.357143            179.491280          
1.642857            0.357143            179.491280          
1.714286            0.357143            179.491280          
1.785714            0.357143            179.491280          
1.857143            0.357143            179.491280          
1.928571            0.357143            179.491280          
2.000000            0.357143            179.491280          
2.071429            0.357143            179.491280          
2.142857            0.357143            179.491280          
2.214286            0.357143            179.491280          
2.285714            0.357143            179.491280          
2.357143            0.357143            179.491280          
2.428571            0.357143            179.491280          
2.500000            0.357143            179.491280          
2.571429            0.357143            179.491280          
2.642857            0.357143            179.491280          
2.714286            0.357143            179.491280          
2.785714            0.357143            179.491280          
2.857143            0.357143            179.491280          
2.928571            0.357143            179.491280          
3.000000            0.357143            179.491280          
3.071429            0.357143            179.491280          
3.142857            0.357143            179.491280          
3.214286            0.357143            179.491280          
3.285714            0.357143            179.491280          
3.357143            0.357143            179.491280          
3.428571            0.357143            179.491280          
3.500000            0.357143            0.000000            
0.000000            0.285714            200.000000          
0.071429            0.285714            183.605336          
0.142857            0.285714            183.592513          
0.214286            0.285714            183.592513          
0.285714            0.285714            183.592513          
0.357143            0.285714            183.592513          
0.428571            0.285714            183.592513          
0.500000            0.285714            183.592513          
0.571429            0.285714            183.592513          
0.642857            0.285714            183.592513          
0.714286            0.285714            183.592513          
0.785714            0.285714            183.592513          
0.857143            0.285714            183.592513          
0.928571            0.285714            183.592513          
1.000000            0.285714            183.592513          
1.071429            0.285714            183.592513          
1.142857            0.285714            183.592513          
1.214286            0.285714            183.592513          
1.285714            0.285714            183.592513          
1.357143            0.285714            183.592513          
1.428571            0.285714            183.592513          
1.500000            0.285714            183.592513          
1.571429            0.285714            183.592513          
1.642857            0.285714            183.592513          
1.714286            0.285714            183.592513          
1.785714            0.285714            183.592513          
1.857143            0.285714            183.592513          
1.928571            0.285714            183.592513          
2.000000            0.285714            183.592513          
2.071429            0.285714            183.592513          
2.142857            0.285714            183.592513          
2.214286            0.285714            183.592513          
2.285714            0.285714            183.592513          
2.357143            0.285714            183.592513          
2.428571            0.285714            183.592513          
2.500000            0.285714            183.592513          
2.571429            0.285714            183.592513          
2.642857            0.285714            183.592513          
2.714286            0.285714            183.592513          
2.785714            0.285714            183.592513          
2.857143            0.285714            183.592513          
2.928571            0.285714            183.592513          
3.000000            0.285714            183.592513          
3.071429            0.285714            183.592513          
3.142857            0.285714            183.592513          
3.214286            0.285714            183.592513          
3.285714            0.285714            183.592513          
3.357143            0.285714            183.592513          
3.428571            0.285714            183.592513          
3.500000            0.285714            0.000000            
0.000000            0.214286            200.000000          
0.071429            0.214286            187.703763          
0.142857            0.214286            187.694100          
0.214286            0.214286            187.694100          
0.285714            0.214286            187.694100          
0.357143            0.214286            187.694100          
0.428571            0.214286            187.694100          
0.500000            0.214286            187.694100          
0.571429            0.214286            187.694100          
0.642857            0.214286            187.694100          
0.714286            0.214286            187.694100          
0.785714            0.214286            187.694100          
0.857143            0.214286            187.694100          
0.928571            0.214286            187.694100          
1.000000            0.214286            187.694100          
1.071429            0.214286            187.694100          
1.142857            0.214286            187.694100          
1.214286            0.214286            187.694100          
1.285714            0.214286            187.694100          
1.357143            0.214286            187.694100          
1.428571            0.214286            187.694100          
1.500000            0.214286            187.694100          
1.571429            0.214286            187.694100          
1.642857            0.214286            187.694100          
1.714286            0.214286            187.694100          
1.785714            0.214286            187.694100          
1.857143            0.214286            187.694100          
1.928571            0.214286            187.694100          
2.000000            0.214286            187.694100          
2.071429            0.214286            187.694100          
2.142857            0.214286            187.694100          
2.214286            0.214286            187.694100          
2.285714            0.214286            187.694100          
2.357143            0.214286            187.694100          
2.428571            0.214286            187.694100          
2.500000            0.214286            187.694100          
2.571429            0.214286            187.694100          
2.642857            0.214286            187.694100          
2.714286            0.214286            187.694100          
2.785714            0.214286            187.694100          
2.857143            0.214286            187.694100          
2.928571            0.214286            187.694100          
3.000000            0.214286            187.694100          
3.071429            0.214286            187.694100          
3.142857            0.214286            187.694100          
3.214286            0.214286            187.694100          
3.285714            0.214286            187.694100          
3.357143            0.214286            187.694100          
3.428571            0.214286            187.694100          
3.500000            0.214286            0.000000            
0.000000            0.142857            200.000000          
0.071429            0.142857            191.802386          
0.142857            0.142857            191.795921          
0.214286            0.142857            191.795921          
0.285714            0.142857            191.795921          
0.357143            0.142857            191.795921          
0.428571            0.142857            191.795921          
0.500000            0.142857            191.795921          
0.571429            0.142857            191.795921          
0.642857            0.142857            191.795921          
0.714286            0.142857            191.795921          
0.785714            0.142857            191.795921          
0.857143            0.142857            191.795921          
0.928571            0.142857            191.795921          
1.000000            0.142857            191.795921          
1.071429            0.142857            191.795921          
1.142857            0.142857            191.795921          
1.214286            0.142857            191.795921          
1.285714            0.142857            191.795921          
1.357143            0.142857            191.795921          
1.428571            0.142857            191.795921          
1.500000            0.142857            191.795921          
1.571429            0.142857            191.795921          
1.642857            0.142857            191.795921          
1.714286            0.142857            191.795921          
1.785714            0.142857            191.795921          
1.857143            0.142857            191.795921          
1.928571            0.142857            191.795921          
2.000000            0.142857            191.795921          
2.071429            0.142857            191.795921          
2.142857            0.142857            191.795921          
2.214286            0.142857            191.795921          
2.285714            0.142857            191.795921          
2.357143            0.142857            191.795921          
2.428571            0.142857            191.795921          
2.500000            0.142857            191.795921          
2.571429            0.142857            191.795921          
2.642857            0.142857            191.795921          
2.714286            0.142857            191.795921          
2.785714            0.142857            191.795921          
2.857143            0.142857            191.795921          
2.928571            0.142857            191.795921          
3.000000            0.142857            191.795921          
3.071429            0.142857            191.795921          
3.142857            0.142857            191.795921          
3.214286            0.142857            191.795921          
3.285714            0.142857            191.795921          
3.357143            0.142857            191.795921          
3.428571            0.142857            191.795921          
3.500000            0.142857            0.000000            
0.000000            0.071429            200.000000          
0.071429            0.071429            195.901160          
0.142857            0.071429            195.897921          
0.214286            0.071429            195.897921          
0.285714            0.071429            195.897921          
0.357143            0.071429            195.897921          
0.428571            0.071429            195.897921          
0.500000            0.071429            195.897921          
0.571429            0.071429            195.897921          
0.642857            0.071429            195.897921          
0.714286            0.071429            195.897921          
0.785714            0.071429            195.897921          
0.857143            0.071429            195.897921          
0.928571            0.071429            195.897921          
1.000000            0.071429            195.897921          
1.071429            0.071429            195.897921          
1.142857            0.071429            195.897921          
1.214286            0.071429            195.897921          
1.285714            0.071429            195.897921          
1.357143            0.071429            195.897921          
1.428571            0.071429            195.897921          
1.500000            0.071429            195.897921          
1.571429            0.071429            195.897921          
1.642857            0.071429            195.897921          
1.714286            0.071429            195.897921          
1.785714            0.071429            195.897921          
1.857143            0.071429            195.897921          
1.928571            0.071429            195.897921          
2.000000            0.071429            195.897921          
2.071429            0.071429            195.897921          
2.142857            0.071429            195.897921          
2.214286            0.071429            195.897921          
2.285714            0.071429            195.897921          
2.357143            0.071429            195.897921          
2.428571            0.071429            195.897921          
2.500000            0.071429            195.897921          
2.571429            0.071429            195.897921          
2.642857            0.071429            195.897921          
2.714286            0.071429            195.897921          
2.785714            0.071429            195.897921          
2.857143            0.071429            195.897921          
2.928571            0.071429            195.897921          
3.000000            0.071429            195.897921          
3.071429            0.071429            195.897921          
3.142857            0.071429            195.897921          
3.214286            0.071429            195.897921          
3.285714            0.071429            195.897921          
3.357143            0.071429            195.897921          
3.428571            0.071429            195.897921          
3.500000            0.071429            0.000000            
0.000000            0.000000            200.000000          
0.071429            0.000000            200.000000          
0.142857            0.000000            200.000000          
0.214286            0.000000            200.000000          
0.285714            0.000000            200.000000          
0.357143            0.000000            200.000000          
0.428571            0.000000            200.000000          
0.500000            0.000000            200.000000          
0.571429            0.000000            200.000000          
0.642857            0.000000            200.000000          
0.714286            0.000000            200.000000          
0.785714            0.000000            200.000000          
0.857143            0.000000            200.000000          
0.928571            0.000000            200.000000          
1.000000            0.000000            200.000000          
1.071429            0.000000            200.000000          
1.142857            0.000000            200.000000          
1.214286            0.000000            200.000000          
1.285714            0.000000            200.000000          
1.357143            0.000000            200.000000          
1.428571            0.000000            200.000000          
1.500000            0.000000            200.000000          
1.571429            0.000000            200.000000          
1.642857            0.000000            200.000000          
1.714286            0.000000            200.000000          
1.785714            0.000000            200.000000          
1.857143            0.000000            200.000000          
1.928571            0.000000            200.000000          
2.000000            0.000000            200.000000          
2.071429            0.000000            200.000000          
2.142857            0.000000            200.000000          
2.214286            0.000000            200.000000          
2.285714            0.000000            200.000000          
2.357143            0.000000            200.000000          
2.428571            0.000000            200.000000          
2.500000            0.000000            200.000000          
2.571429            0.000000            200.000000          
2.642857            0.000000            200.000000          
2.714286            0.000000            200.000000          
2.785714            0.000000            200.000000          
2.857143            0.000000            200.000000          
2.928571            0.000000            200.000000          
3.000000            0.000000            200.000000          
3.071429            0.000000            200.000000          
3.142857            0.000000            200.000000          
3.214286            0.000000            200.000000          
3.285714            0.000000            200.000000          
3.357143            0.000000            200.000000          
3.428571            0.000000            200.000000          
3.500000            0.000000            0.000000            
